Name,Price,Stcok
In Her Wake,12.84,In stock
How Music Works,37.32,In stock
"Foolproof Preserving: A Guide to Small Batch Jams, Jellies, Pickles, Condiments, and More: A Foolproof Guide to Making Small Batch Jams, Jellies, Pickles, Condiments, and More",30.52,In stock
Chase Me (Paris Nights #2),25.27,In stock
Black Dust,34.53,In stock
Birdsong: A Story in Pictures,54.64,In stock
America's Cradle of Quarterbacks: Western Pennsylvania's Football Factory from Johnny Unitas to Joe Montana,22.50,In stock
Aladdin and His Wonderful Lamp,53.13,In stock
Worlds Elsewhere: Journeys Around Shakespeareâs Globe,40.30,In stock
Wall and Piece,44.18,In stock
The Four Agreements: A Practical Guide to Personal Freedom,17.66,In stock
The Five Love Languages: How to Express Heartfelt Commitment to Your Mate,31.05,In stock
The Elephant Tree,23.82,In stock
The Bear and the Piano,36.89,In stock
Sophie's World,15.94,In stock
Penny Maybe,33.29,In stock
Maude (1883-1993):She Grew Up with the country,18.02,In stock
"In a Dark, Dark Wood",19.63,In stock
Behind Closed Doors,52.22,In stock
You can't bury them all: Poems,33.63,In stock
