brand,price,img
H&M,Rs. 799,"https://assets.myntassets.com/dpr_2,q_60,w_210,c_limit,fl_progressive/assets/images/2025/SEPTEMBER/9/r7GBPjRg_001565c1652b4d0a89309cf837188573.jpg"
H&M,Rs. 1999,"https://assets.myntassets.com/dpr_2,q_60,w_210,c_limit,fl_progressive/assets/images/2025/SEPTEMBER/9/0qjVG0H7_1e9e3049bf8b46cfa2b138a66e69c920.jpg"
H&M,Rs. 1499,"https://assets.myntassets.com/dpr_2,q_60,w_210,c_limit,fl_progressive/assets/images/2025/NOVEMBER/20/Iw6N4qqZ_2ad724b244f148ccacb314b34ef2e9f0.jpg"
H&M,Rs. 399,"https://assets.myntassets.com/dpr_2,q_60,w_210,c_limit,fl_progressive/assets/images/2026/FEBRUARY/2/J38J0kVE_88c4dce8d6d34ecf90c7e50018436eb8.jpg"
H&M,Rs. 799,"https://assets.myntassets.com/dpr_2,q_60,w_210,c_limit,fl_progressive/assets/images/2025/DECEMBER/15/KaSQWdu7_9cb978ca016c4f49ab1ce7cbfddbaa16.jpg"
H&M,Rs. 799,"https://assets.myntassets.com/dpr_2,q_60,w_210,c_limit,fl_progressive/assets/images/2025/SEPTEMBER/9/vF09FsgF_b15bd63263a24fb087d5c91cc1aaabf0.jpg"
H&M,Rs. 999,"https://assets.myntassets.com/dpr_2,q_60,w_210,c_limit,fl_progressive/assets/images/2025/SEPTEMBER/9/DDOyfApF_c04fadd6251041ac95ec7f8f58de5d1c.jpg"
H&M,Rs. 1499,"https://assets.myntassets.com/dpr_2,q_60,w_210,c_limit,fl_progressive/assets/images/2025/JULY/16/FyiolKTb_3340c185e0f241a0a7a60bec964a897f.jpg"
H&M,Rs. 799,"https://assets.myntassets.com/dpr_2,q_60,w_210,c_limit,fl_progressive/assets/images/2025/SEPTEMBER/9/ffENYFpj_ca42bcd36b284f0880550847e8e0763a.jpg"
H&M,Rs. 999,"https://assets.myntassets.com/dpr_2,q_60,w_210,c_limit,fl_progressive/assets/images/2026/JANUARY/18/2hADUUMI_62b84b6e27134afd92dc034642650a79.jpg"
H&M,Rs. 1499,"https://assets.myntassets.com/dpr_2,q_60,w_210,c_limit,fl_progressive/assets/images/2026/JANUARY/27/lzAbN2Tk_bf3ad51f54fb445f97d2f2ce1ab7c1e7.jpg"
H&M,Rs. 1499,"https://assets.myntassets.com/dpr_2,q_60,w_210,c_limit,fl_progressive/assets/images/2026/JANUARY/9/cgiMhxgs_d96012a3357e428f962b29097cdbac62.jpg"
H&M,Rs. 699,"https://assets.myntassets.com/dpr_2,q_60,w_210,c_limit,fl_progressive/assets/images/2025/DECEMBER/28/wwjeEczV_c537951ef21144fca10410423e642382.jpg"
H&M,Rs. 1399,"https://assets.myntassets.com/dpr_2,q_60,w_210,c_limit,fl_progressive/assets/images/2025/OCTOBER/29/8IGvB5S8_4993757fed604865a1460bd070315066.jpg"
H&M,Rs. 399,"https://assets.myntassets.com/dpr_2,q_60,w_210,c_limit,fl_progressive/assets/images/2026/FEBRUARY/4/QApHbBO7_a4ea0cabeca54323885c61b6c295c3e6.jpg"
H&M,Rs. 999,"https://assets.myntassets.com/dpr_2,q_60,w_210,c_limit,fl_progressive/assets/images/2026/JANUARY/9/07wnmQEA_01dbc15de86b483486d5f316781756de.jpg"
H&M,Rs. 899Rs,"https://assets.myntassets.com/dpr_2,q_60,w_210,c_limit,fl_progressive/assets/images/2026/JANUARY/9/LBbUdqvK_e3c69b09646a4ab2b03a2ed3059b1f5b.jpg"
H&M,Rs. 1499,"https://assets.myntassets.com/dpr_2,q_60,w_210,c_limit,fl_progressive/assets/images/2026/FEBRUARY/3/Xs2UE6Zf_801763213b38426893a0fee7b3a1834a.jpg"
H&M,Rs. 399,"https://assets.myntassets.com/dpr_2,q_60,w_210,c_limit,fl_progressive/assets/images/2025/NOVEMBER/20/yaLHgWFy_464c93b56ce542eda59b07b22b48abe6.jpg"
H&M,Rs. 999,"https://assets.myntassets.com/dpr_2,q_60,w_210,c_limit,fl_progressive/assets/images/2026/JANUARY/29/CDRuv6GJ_768874927bef4ceb856ac442888e2e38.jpg"
H&M,Rs. 2799,"https://assets.myntassets.com/dpr_2,q_60,w_210,c_limit,fl_progressive/assets/images/2025/SEPTEMBER/9/cvSrHwsB_03cb830b9d4c4b9d8dbc760e87a1f70b.jpg"
H&M,Rs. 799,"https://assets.myntassets.com/dpr_2,q_60,w_210,c_limit,fl_progressive/assets/images/2025/SEPTEMBER/9/uehSA7OB_06e2216dff9a44b78537cd3b37eb5edc.jpg"
H&M,Rs. 1199,"https://assets.myntassets.com/dpr_2,q_60,w_210,c_limit,fl_progressive/assets/images/2025/SEPTEMBER/9/f1L4pvbD_85b2cadd1c854da591bbf0587ba32f96.jpg"
H&M,Rs. 1299,"https://assets.myntassets.com/dpr_2,q_60,w_210,c_limit,fl_progressive/assets/images/2025/NOVEMBER/20/afe2SuoA_8dda1adc4c5f4516b92d83aa1cddd793.jpg"
H&M,Rs. 999,"https://assets.myntassets.com/dpr_2,q_60,w_210,c_limit,fl_progressive/assets/images/2025/SEPTEMBER/9/N8t39Bji_9913a4b7b14c4bb08f34dd9640c86061.jpg"
H&M,Rs. 999,"https://assets.myntassets.com/dpr_2,q_60,w_210,c_limit,fl_progressive/assets/images/2025/DECEMBER/28/QC3Cnsrk_963d6ad7b1894369b8b4b10d06d19733.jpg"
H&M,Rs. 1499,"https://assets.myntassets.com/dpr_2,q_60,w_210,c_limit,fl_progressive/assets/images/2025/JUNE/2/U3GfJV1r_9e7985318df3446f94f3253a1d027bce.jpg"
H&M,Rs. 1399,"https://assets.myntassets.com/dpr_2,q_60,w_210,c_limit,fl_progressive/assets/images/2025/SEPTEMBER/9/3yl88MI2_d170599ea16b4fa88c81d7255780ceb1.jpg"
H&M,Rs. 999,"https://assets.myntassets.com/dpr_2,q_60,w_210,c_limit,fl_progressive/assets/images/2025/FEBRUARY/18/cQaR5JIs_f124200824af48fd8162df198de1fc9f.jpg"
H&M,Rs. 999,"https://assets.myntassets.com/dpr_2,q_60,w_210,c_limit,fl_progressive/assets/images/2026/JANUARY/11/oXLgcTw6_ccf0017de62e4ae0bab259a6e6afa0d2.jpg"
H&M,Rs. 699,"https://assets.myntassets.com/dpr_2,q_60,w_210,c_limit,fl_progressive/assets/images/2025/DECEMBER/15/OcXP0Xbl_e972aab20fb24c10b6628c3ba9502f51.jpg"
H&M,Rs. 399,"https://assets.myntassets.com/dpr_2,q_60,w_210,c_limit,fl_progressive/assets/images/2025/DECEMBER/15/kkQNz6DT_a7db649303284c70a797427b269d341c.jpg"
H&M,Rs. 999,"https://assets.myntassets.com/dpr_2,q_60,w_210,c_limit,fl_progressive/assets/images/2025/SEPTEMBER/9/WuEHquQo_61d5ef69e4314f88abaa6ad2b8de411d.jpg"
H&M,Rs. 699,"https://assets.myntassets.com/dpr_2,q_60,w_210,c_limit,fl_progressive/assets/images/2025/DECEMBER/21/5v8cfuR6_77245d35e85b4b6f9617ca6b5a752cc8.jpg"
H&M,Rs. 799,"https://assets.myntassets.com/dpr_2,q_60,w_210,c_limit,fl_progressive/assets/images/2025/DECEMBER/15/catZf9li_bb2580e0cbe74020bfc5a4c6685c4143.jpg"
H&M,Rs. 749,"https://assets.myntassets.com/dpr_2,q_60,w_210,c_limit,fl_progressive/assets/images/2025/SEPTEMBER/9/8PaLh1gg_0c8a07923922449fa84e48f46a759af5.jpg"
H&M,Rs. 1499,"https://assets.myntassets.com/dpr_2,q_60,w_210,c_limit,fl_progressive/assets/images/2025/DECEMBER/21/vWJpeq2z_2861ffb6cf594e53b4781a5dec171829.jpg"
H&M,Rs. 1499,"https://assets.myntassets.com/dpr_2,q_60,w_210,c_limit,fl_progressive/assets/images/2026/JANUARY/27/WXbibFd2_ec00ae62f9b14809938c87321bc9c3fa.jpg"
H&M,Rs. 1499,"https://assets.myntassets.com/dpr_2,q_60,w_210,c_limit,fl_progressive/assets/images/2025/DECEMBER/15/w4MEi7d5_ec2c2f6696f94fe4aa63983fb0c3f933.jpg"
H&M,Rs. 999,"https://assets.myntassets.com/dpr_2,q_60,w_210,c_limit,fl_progressive/assets/images/2026/JANUARY/29/9NMojbpj_2353a78396f34159ba1e283bbb1a1635.jpg"
H&M,Rs. 999,"https://assets.myntassets.com/dpr_2,q_60,w_210,c_limit,fl_progressive/assets/images/2026/JANUARY/29/lksiKrcZ_62d5cda0b6f64c49b3b52ffd51c51558.jpg"
H&M,Rs. 699,"https://assets.myntassets.com/dpr_2,q_60,w_210,c_limit,fl_progressive/assets/images/2026/JANUARY/4/koSb2J54_2ee2f716198648c1a89b0ef88de6ba40.jpg"
H&M,Rs. 1499,"https://assets.myntassets.com/dpr_2,q_60,w_210,c_limit,fl_progressive/assets/images/2025/NOVEMBER/20/4NwuLLr7_c77e85f07061402fae4d35f690cb2172.jpg"
H&M,Rs. 1699,"https://assets.myntassets.com/dpr_2,q_60,w_210,c_limit,fl_progressive/assets/images/2025/NOVEMBER/3/pieEvdFQ_a0aa17cb6ea6420f8ff86239cdd1f749.jpg"
H&M,Rs. 299,"https://assets.myntassets.com/dpr_2,q_60,w_210,c_limit,fl_progressive/assets/images/2025/OCTOBER/16/zpIswk4Z_0fbb6c014d524255a78ad5310e349102.jpg"
H&M,Rs. 799,"https://assets.myntassets.com/dpr_2,q_60,w_210,c_limit,fl_progressive/assets/images/2025/JULY/24/wl29hi3Z_4436af96c1d948b7926c36805739be1e.jpg"
H&M,Rs. 499,"https://assets.myntassets.com/dpr_2,q_60,w_210,c_limit,fl_progressive/assets/images/11468714/2025/7/25/438722c5-edef-4bf9-b416-58bdf0224b851753446336612-HM-Men-White-Solid-Cotton-Pure-Cotton-T-shirt-Regular-Fit-82-7.jpg"
H&M,Rs. 969Rs. 1299,"https://assets.myntassets.com/dpr_2,q_60,w_210,c_limit,fl_progressive/assets/images/2025/JULY/25/2HNUbudj_9ebc5f05ab674a79a6481b803228f1bb.jpg"
H&M,Rs. 799,"https://assets.myntassets.com/dpr_2,q_60,w_210,c_limit,fl_progressive/assets/images/2025/JULY/25/3JH5rQwm_292ce7f2435e45c59e862ee094f4305e.jpg"
H&M,Rs. 999,"https://assets.myntassets.com/dpr_2,q_60,w_210,c_limit,fl_progressive/assets/images/2026/JANUARY/20/OZak3PkI_30cd53120896485c9037c96b482d9f00.jpg"
H&M,Rs. 1299,"https://assets.myntassets.com/dpr_2,q_60,w_210,c_limit,fl_progressive/assets/images/2025/SEPTEMBER/9/E1J5KUmA_557bff1ab45a42669e9c141fd4a4561e.jpg"
H&M,Rs. 1499,"https://assets.myntassets.com/dpr_2,q_60,w_210,c_limit,fl_progressive/assets/images/2025/NOVEMBER/20/RCtm2bo4_9d8623f0b7ed40d2a463e66d3bbf7d12.jpg"
H&M,Rs. 799,"https://assets.myntassets.com/dpr_2,q_60,w_210,c_limit,fl_progressive/assets/images/2026/JANUARY/27/NOP4bXUa_af6990dbb969494091a307847313493e.jpg"
H&M,Rs. 1299,"https://assets.myntassets.com/dpr_2,q_60,w_210,c_limit,fl_progressive/assets/images/2026/JANUARY/20/j6fWWZz3_525fcddc653b4d29906b3ab6185abe73.jpg"
H&M,Rs. 2099,"https://assets.myntassets.com/dpr_2,q_60,w_210,c_limit,fl_progressive/assets/images/2025/SEPTEMBER/9/JvbZUyKn_d5c7ac9739574fe1a37a7bb39cb71acf.jpg"
H&M,Rs. 1199,"https://assets.myntassets.com/dpr_2,q_60,w_210,c_limit,fl_progressive/assets/images/2025/SEPTEMBER/9/f1L4pvbD_85b2cadd1c854da591bbf0587ba32f96.jpg"
H&M,Rs. 699,"https://assets.myntassets.com/dpr_2,q_60,w_210,c_limit,fl_progressive/assets/images/2025/SEPTEMBER/9/Uv5ntTBL_3e81155e0a9a4f02b123b50ad2752eed.jpg"
H&M,Rs. 1599,"https://assets.myntassets.com/dpr_2,q_60,w_210,c_limit,fl_progressive/assets/images/2025/OCTOBER/16/ZShlsmPi_25bff4c19c504452b3e04c928c8e5be4.jpg"
H&M,Rs. 1399,"https://assets.myntassets.com/dpr_2,q_60,w_210,c_limit,fl_progressive/assets/images/2025/NOVEMBER/20/AmMjhmh9_f3b738aa9da94932af3261ff45ff57e6.jpg"
H&M,Rs. 699,"https://assets.myntassets.com/dpr_2,q_60,w_210,c_limit,fl_progressive/assets/images/2026/JANUARY/4/koSb2J54_2ee2f716198648c1a89b0ef88de6ba40.jpg"
H&M,Rs. 999,"https://assets.myntassets.com/dpr_2,q_60,w_210,c_limit,fl_progressive/assets/images/2025/SEPTEMBER/9/N8t39Bji_9913a4b7b14c4bb08f34dd9640c86061.jpg"
H&M,Rs. 1299,"https://assets.myntassets.com/dpr_2,q_60,w_210,c_limit,fl_progressive/assets/images/2025/SEPTEMBER/9/gYIn7xrz_5778d44555284c2181c88199d64edc7f.jpg"
H&M,Rs. 399,"https://assets.myntassets.com/dpr_2,q_60,w_210,c_limit,fl_progressive/assets/images/2025/NOVEMBER/20/yaLHgWFy_464c93b56ce542eda59b07b22b48abe6.jpg"
H&M,Rs. 1499,"https://assets.myntassets.com/dpr_2,q_60,w_210,c_limit,fl_progressive/assets/images/2025/JUNE/2/j8SW4FJ1_da45b320ba9c431f9051d6e86f779bda.jpg"
H&M,Rs. 1399,"https://assets.myntassets.com/dpr_2,q_60,w_210,c_limit,fl_progressive/assets/images/2025/SEPTEMBER/9/dHOhRU8h_6afb381f629749bf99ef631a6cc9613d.jpg"
H&M,Rs. 799,"https://assets.myntassets.com/dpr_2,q_60,w_210,c_limit,fl_progressive/assets/images/2025/DECEMBER/15/catZf9li_bb2580e0cbe74020bfc5a4c6685c4143.jpg"
H&M,Rs. 699,"https://assets.myntassets.com/dpr_2,q_60,w_210,c_limit,fl_progressive/assets/images/2025/DECEMBER/28/wwjeEczV_c537951ef21144fca10410423e642382.jpg"
H&M,Rs. 1999,"https://assets.myntassets.com/dpr_2,q_60,w_210,c_limit,fl_progressive/assets/images/2025/NOVEMBER/20/2TvJuWU0_b71f00f6774941428cb41809f03ed68f.jpg"
H&M,Rs. 799,"https://assets.myntassets.com/dpr_2,q_60,w_210,c_limit,fl_progressive/assets/images/2025/SEPTEMBER/9/Mg0z9sxc_f346623c77d544979b8a195d426ff685.jpg"
H&M,Rs. 799,"https://assets.myntassets.com/dpr_2,q_60,w_210,c_limit,fl_progressive/assets/images/2025/NOVEMBER/20/hYhlm0IR_a2a46d7df4a542a28f57b912b69fcdca.jpg"
H&M,Rs. 1199,"https://assets.myntassets.com/dpr_2,q_60,w_210,c_limit,fl_progressive/assets/images/2025/SEPTEMBER/9/evS8k6IT_8110117409da4881a63a685a96ea8357.jpg"
H&M,Rs. 1099,"https://assets.myntassets.com/dpr_2,q_60,w_210,c_limit,fl_progressive/assets/images/2025/SEPTEMBER/9/Tmfqnhox_9e9e14fac7ac488a9794cb6ee43651df.jpg"
H&M,Rs. 699,"https://assets.myntassets.com/dpr_2,q_60,w_210,c_limit,fl_progressive/assets/images/2025/NOVEMBER/20/k1uttC2C_2325a08dbb1849539e5754930360305e.jpg"
H&M,Rs. 799,"https://assets.myntassets.com/dpr_2,q_60,w_210,c_limit,fl_progressive/assets/images/2025/DECEMBER/15/YIs97vfq_4d2c9bbec30b400da89596816d0385cf.jpg"
H&M,Rs. 699,"https://assets.myntassets.com/dpr_2,q_60,w_210,c_limit,fl_progressive/assets/images/2026/JANUARY/11/wmjo8JT1_660bab634f534af689efd8340b0c1456.jpg"
H&M,Rs. 999,"https://assets.myntassets.com/dpr_2,q_60,w_210,c_limit,fl_progressive/assets/images/2025/DECEMBER/28/GzLtl55s_fc9def1d46874d52be5cd5b196abe3a2.jpg"
H&M,Rs. 499,"https://assets.myntassets.com/dpr_2,q_60,w_210,c_limit,fl_progressive/assets/images/2025/DECEMBER/14/nOCofHVd_ee6c06946b084e69a6679f5eab8cb942.jpg"
H&M,Rs. 1299,"https://assets.myntassets.com/dpr_2,q_60,w_210,c_limit,fl_progressive/assets/images/2025/NOVEMBER/20/afe2SuoA_8dda1adc4c5f4516b92d83aa1cddd793.jpg"
H&M,Rs. 699,"https://assets.myntassets.com/dpr_2,q_60,w_210,c_limit,fl_progressive/assets/images/2025/NOVEMBER/4/6EkOQZLB_62f6e90bbe994c9eacf4a6466af70c60.jpg"
H&M,Rs. 799,"https://assets.myntassets.com/dpr_2,q_60,w_210,c_limit,fl_progressive/assets/images/2025/DECEMBER/14/sPWGufsx_16bfef13a2a2425eb878ff7a96c3c69f.jpg"
H&M,Rs. 1199,"https://assets.myntassets.com/dpr_2,q_60,w_210,c_limit,fl_progressive/assets/images/2025/AUGUST/12/xc85LlCe_1e52385759ec444dac0d11004b5ac4dd.jpg"
H&M,Rs. 999,"https://assets.myntassets.com/dpr_2,q_60,w_210,c_limit,fl_progressive/assets/images/2025/FEBRUARY/18/cQaR5JIs_f124200824af48fd8162df198de1fc9f.jpg"
H&M,Rs. 499,"https://assets.myntassets.com/dpr_2,q_60,w_210,c_limit,fl_progressive/assets/images/2025/NOVEMBER/20/AHVjSNLw_208e725beff24161aa23a427433740af.jpg"
H&M,Rs. 999,"https://assets.myntassets.com/dpr_2,q_60,w_210,c_limit,fl_progressive/assets/images/2025/SEPTEMBER/9/8UF6hElt_3333f2723d804a31b14cbe943db1694f.jpg"
H&M,Rs. 299,"https://assets.myntassets.com/dpr_2,q_60,w_210,c_limit,fl_progressive/assets/images/2025/OCTOBER/16/5XBT7sps_d605eb55e8d349ba8b539d6bfacdb75b.jpg"
H&M,Rs. 1399,"https://assets.myntassets.com/dpr_2,q_60,w_210,c_limit,fl_progressive/assets/images/2025/DECEMBER/28/e8dXNYjW_b4efd4ba128a46cf9e5d6921b524e0c9.jpg"
H&M,Rs. 2799,"https://assets.myntassets.com/dpr_2,q_60,w_210,c_limit,fl_progressive/assets/images/2025/DECEMBER/15/3G3Z2j5V_5860b69baf7c4851aeeeede800d3e8a1.jpg"
H&M,Rs. 999,"https://assets.myntassets.com/dpr_2,q_60,w_210,c_limit,fl_progressive/assets/images/2025/SEPTEMBER/9/311r1wRI_2bf39176ac1c46b2be6baeed2fad9e6b.jpg"
H&M,Rs. 799,"https://assets.myntassets.com/dpr_2,q_60,w_210,c_limit,fl_progressive/assets/images/2025/APRIL/30/BoEbXXeu_937a5759509f415a96359f6978a8cbde.jpg"
H&M,Rs. 999,"https://assets.myntassets.com/dpr_2,q_60,w_210,c_limit,fl_progressive/assets/images/2025/SEPTEMBER/24/HVKIptJh_5ee41675507646f58d7f7deb9812b46b.jpg"
H&M,Rs. 799,"https://assets.myntassets.com/dpr_2,q_60,w_210,c_limit,fl_progressive/assets/images/2025/NOVEMBER/20/zRYPcpZ3_581e4a498b63471d9995afd38cbfbc96.jpg"
H&M,Rs. 799,"https://assets.myntassets.com/dpr_2,q_60,w_210,c_limit,fl_progressive/assets/images/2025/DECEMBER/14/GiHqhO74_048aacb17fc44772b2bfe6fedc6812e6.jpg"
H&M,Rs. 1299,"https://assets.myntassets.com/dpr_2,q_60,w_210,c_limit,fl_progressive/assets/images/2025/JUNE/4/DdaKdzDA_57a85a9b5dc7431aa822b839d8c9004e.jpg"
H&M,Rs. 799,"https://assets.myntassets.com/dpr_2,q_60,w_210,c_limit,fl_progressive/assets/images/2025/SEPTEMBER/10/niHgULMP_9bebd277be734ba4b882969a5aae5e55.jpg"
H&M,Rs. 1499,"https://assets.myntassets.com/dpr_2,q_60,w_210,c_limit,fl_progressive/assets/images/2026/FEBRUARY/3/NI9y38HN_611cd53c4b764f13b6d8ab3316b9525c.jpg"
H&M,Rs. 1499,"https://assets.myntassets.com/dpr_2,q_60,w_210,c_limit,fl_progressive/assets/images/2025/NOVEMBER/20/6LD81tQo_35c9eb8a424642e49f9e72567bce888a.jpg"
H&M,Rs. 1499,"https://assets.myntassets.com/dpr_2,q_60,w_210,c_limit,fl_progressive/assets/images/2025/NOVEMBER/20/W4erez64_9a049d62dea44d80af195607e88a52b7.jpg"
H&M,Rs. 1499,"https://assets.myntassets.com/dpr_2,q_60,w_210,c_limit,fl_progressive/assets/images/2025/NOVEMBER/20/4NwuLLr7_c77e85f07061402fae4d35f690cb2172.jpg"
H&M,Rs. 399,"https://assets.myntassets.com/dpr_2,q_60,w_210,c_limit,fl_progressive/assets/images/2026/FEBRUARY/4/QApHbBO7_a4ea0cabeca54323885c61b6c295c3e6.jpg"
H&M,Rs. 699,"https://assets.myntassets.com/dpr_2,q_60,w_210,c_limit,fl_progressive/assets/images/2026/JANUARY/9/IZTL2mch_ee9d18c74e7b475ebb1b22455c117a8c.jpg"
