brand,product_type,product_price,product_actual_price,product_page_url,product_img_url
AD By Arvind,Slim Fit Opaque Casual Shirt,Rs. 1379,Rs. 2299,https://www.myntra.com/shirts/ad+by+arvind/ad-by-arvind-men-slim-fit-checked-casual-shirt/29966531/buy,"https://assets.myntassets.com/dpr_2,q_60,w_210,c_limit,fl_progressive/assets/images/29966531/2024/6/14/af0f639d-a25b-41a8-9a67-09f33e7c2e2d1718370507103ADByArvindMenSlimFitOpaqueCheckedCasualShirt1.jpg"
TATTVA,Men Solid Casual Shirt,Rs. 799,Rs. 1999,https://www.myntra.com/shirts/tattva/tattva-men-classic-cutaway-collar-solid-poly-silk-slim-fit-casual-shirt/31213769/buy,"https://assets.myntassets.com/dpr_2,q_60,w_210,c_limit,fl_progressive/assets/images/31213769/2025/7/5/2ee325fb-3e35-4117-a983-8391b1863b091751721472993-TATTVA-Men-Classic-Cutaway-Collar-Solid-Poly-Silk-Slim-Fit-C-1.jpg"
VANI COUTURE,Casual Shirt,Rs. 498,Rs. 999,https://www.myntra.com/shirts/vani+couture/vani-couture-boys-casual-shirt/38074202/buy,"https://assets.myntassets.com/dpr_2,q_60,w_210,c_limit,fl_progressive/assets/images/2025/NOVEMBER/24/GLbxK74P_acd9276951c846c1bc7a645461347a5b.jpg"
Moda Rapido,Casual Shirt,Rs. 422,Rs. 1499,https://www.myntra.com/shirts/moda+rapido/moda-rapido-women-casual-shirt/35701401/buy,"https://assets.myntassets.com/dpr_2,q_60,w_210,c_limit,fl_progressive/assets/images/2025/JULY/16/a4Du6X65_304c815968e94ae7abe8088aa08c0b29.jpg"
AD By Arvind,Slim Fit Opaque Casual Shirt,Rs. 1019,Rs. 1699,https://www.myntra.com/shirts/ad+by+arvind/ad-by-arvind-solid-slim-fit-patterned-weave-shirt/29066020/buy,"https://assets.myntassets.com/dpr_2,q_60,w_210,c_limit,fl_progressive/assets/images/29066020/2025/2/15/866dbec0-9a61-4ea8-9d05-acf7db9cf0f71739614572474-AD-By-Arvind-Geometric-Patterned-Slim-Fit-Shirt-203173961457-1.jpg"
H&M,Cotton Shirt,,,https://www.myntra.com/shirts/h%26m/hm-cotton-shirt/38224269/buy,"https://assets.myntassets.com/dpr_2,q_60,w_210,c_limit,fl_progressive/assets/images/2025/DECEMBER/15/1N9R24Zu_dc7945ccaf3c490d82b1285b9f01d5f5.jpg"
Nautica,Casual Shirt,Rs. 559,Rs. 1999,https://www.myntra.com/shirts/nautica/nautica-boys-premium-casual-shirt/37984187/buy,"https://assets.myntassets.com/dpr_2,q_60,w_210,c_limit,fl_progressive/assets/images/2025/NOVEMBER/24/yrt9Li07_c615f620922d4600bc8b463a82b9e003.jpg"
Powerlook,Textured Long Sleeves Shirt,Rs. 989,Rs. 2199,https://www.myntra.com/shirts/powerlook/powerlook-textured-long-sleeves-shirt/35359823/buy,"https://assets.myntassets.com/dpr_2,q_60,w_210,c_limit,fl_progressive/assets/images/2025/JULY/5/fadUeTGG_b307bc1731e444659f1ef3380a6c9a10.jpg"
CHILINS,Boys Casual Full Shirt,Rs. 429,Rs. 999,https://www.myntra.com/shirts/chilins/chilins-boys-comfort-formal-shirt/38079982/buy,"https://assets.myntassets.com/dpr_2,q_60,w_210,c_limit,fl_progressive/assets/images/2025/NOVEMBER/19/zh1cO6yo_c0ff71da6f554db2aec2115a002b9f54.jpg"
H&M,Cotton Shirt,,,https://www.myntra.com/shirts/h%26m/hm-cotton-shirt/37677787/buy,"https://assets.myntassets.com/dpr_2,q_60,w_210,c_limit,fl_progressive/assets/images/2025/NOVEMBER/3/M06fPX2G_d144a18797f14a909dd7185cc06b45be.jpg"
Nautica,Slim Cotton Linen Shirt,Rs. 863,Rs. 2699,https://www.myntra.com/shirts/nautica/nautica-slim-fit-self-design-textured-cotton-linen-casual-shirt/38207237/buy,"https://assets.myntassets.com/dpr_2,q_60,w_210,c_limit,fl_progressive/assets/images/2025/DECEMBER/8/LowkFlha_67ad583c907e4804975dbd1d167aa406.jpg"
TOONKY,Casual Shirt,Rs. 398,Rs. 1599,https://www.myntra.com/shirts/toonky/toonky-boys-standard-casual-shirt/38650139/buy,"https://assets.myntassets.com/dpr_2,q_60,w_210,c_limit,fl_progressive/assets/images/2025/DECEMBER/15/RikHHid5_5981d3f2d54b4bca801d86c8be366fad.jpg"
H&M,Cotton Shirt,,,https://www.myntra.com/shirts/h%26m/hm-cotton-shirt/34539737/buy,"https://assets.myntassets.com/dpr_2,q_60,w_210,c_limit,fl_progressive/assets/images/2025/SEPTEMBER/9/R6aipTZy_63281094658b48928660e28494e5e485.jpg"
HIGHLANDER,Slim Fit Opaque Casual Shirt,Rs. 647,Rs. 2699,https://www.myntra.com/shirts/highlander/highlander-men-comfort-slim-fit-opaque-casual-shirt/33475189/buy,"https://assets.myntassets.com/dpr_2,q_60,w_210,c_limit,fl_progressive/assets/images/2025/APRIL/4/WqauO76W_a6701ec669da4feca827625c70612fa0.jpg"
VANI COUTURE,Casual Shirt,Rs. 498,Rs. 999,https://www.myntra.com/shirts/vani+couture/vani-couture-boys-casual-shirt/38074201/buy,"https://assets.myntassets.com/dpr_2,q_60,w_210,c_limit,fl_progressive/assets/images/2025/NOVEMBER/24/K0xd21p5_cf29e85d47834f508004fdf233620a7d.jpg"
CORSICA,Slim Fit Casual Shirt,Rs. 594,Rs. 1999,https://www.myntra.com/shirts/corsica/corsica-women-slim-fit-striped-casual-shirt/39360854/buy,"https://assets.myntassets.com/dpr_2,q_60,w_210,c_limit,fl_progressive/assets/images/2026/JANUARY/13/4mfMLOEv_cb30e0d83d664ebaaa223bda53684df8.jpg"
Roadster,Pure Cotton Casual Shirt,Rs. 432,Rs. 1299,https://www.myntra.com/shirts/roadster/the-roadster-life-co-pure-cotton-roll-up-sleeves-casual-shirt/37553677/buy,"https://assets.myntassets.com/dpr_2,q_60,w_210,c_limit,fl_progressive/assets/images/2025/DECEMBER/26/YekLUawS_2b5d94cf603d4dc7b867b0134f5e2cd7.jpg"
Googo Gaaga,Casual Shirt,Rs. 387,Rs. 2499,https://www.myntra.com/shirts/googo+gaaga/googo-gaaga-boys-casual-shirt/38204242/buy,"https://assets.myntassets.com/dpr_2,q_60,w_210,c_limit,fl_progressive/assets/images/2025/NOVEMBER/24/gED9fzb3_45103cd96a004eea9644727c299bc253.jpg"
CRESALE,Boys Casual Shirt,Rs. 351,Rs. 899,https://www.myntra.com/shirts/cresale/cresale-boys-solid-casual-shirt/34855507/buy,"https://assets.myntassets.com/dpr_2,q_60,w_210,c_limit,fl_progressive/assets/images/2025/JUNE/11/NCxpzqIA_6c8776cbab584dde85b4b901f136d259.jpg"
U.S. Polo Assn.,Men Pure Cotton Casual Shirt,Rs. 990,Rs. 2199,https://www.myntra.com/shirts/u.s.+polo+assn./u-s-polo-assn-men-blue-and-white-tailored-fit-striped-pure-cotton-casual-shirt/19446150/buy,"https://assets.myntassets.com/dpr_2,q_60,w_210,c_limit,fl_progressive/assets/images/19446150/2023/8/23/e46aefbf-e96c-4c4b-9da3-7b3835fa1f331692786708270USPoloAssnMenBlueAndWhiteTailoredFitStripedPureCottonCasualS1.jpg"
CRESALE,Casual Shirt,Rs. 351,Rs. 899,https://www.myntra.com/shirts/cresale/cresale-boys-comfort-casual-shirt/34855499/buy,"https://assets.myntassets.com/dpr_2,q_60,w_210,c_limit,fl_progressive/assets/images/2025/JUNE/11/JQ0OHuMC_78a0414cfdc948efaa638706c4c44814.jpg"
CAVIO,Floral Print Shirt &T-Shirt,Rs. 995,Rs. 1690,https://www.myntra.com/shirts/cavio/cavio-boys-floral-print-shirt-with-t-shirt/34493890/buy,"https://assets.myntassets.com/dpr_2,q_60,w_210,c_limit,fl_progressive/assets/images/34493890/2025/6/9/7e653460-7bbc-46e9-bc08-91ac54039cbb1749465374864-CAVIO-Boys-Floral-Print-Shirt-with-T-Shirt-1131749465373927-1.jpg"
HIGHLANDER,Men Relaxed Fit Casual Shirt,Rs. 471,Rs. 2049,https://www.myntra.com/shirts/highlander/highlander-men-relaxed-fit-textured-spread-collar-casual-shirt/34745146/buy,"https://assets.myntassets.com/dpr_2,q_60,w_210,c_limit,fl_progressive/assets/images/2025/JUNE/5/fHMxVcFH_1e219d2df2fc4491a428f58a6decafe3.jpg"
Roadster,Oversized Casual Shirt,Rs. 488,Rs. 1499,https://www.myntra.com/shirts/roadster/roadster-women-oversized-casual-shirt/30257319/buy,"https://assets.myntassets.com/dpr_2,q_60,w_210,c_limit,fl_progressive/assets/images/30257319/2024/10/7/a7219db4-330b-49aa-baa6-69e5f2d0c5961728301989658-Womens-Oversize-Long-Sleeve-Johny-Collar-Pue-Cotton-Shirt-57-1.jpg"
max,Casual Shirt,,,https://www.myntra.com/shirts/max/max-boys-printed-casual-shirt/38336473/buy,"https://assets.myntassets.com/dpr_2,q_60,w_210,c_limit,fl_progressive/assets/images/2025/NOVEMBER/30/yMUc81fA_808e4a0ac76746f2936a7fda9798dc13.jpg"
Powerlook,Casual Shirt,Rs. 1099,Rs. 2199,https://www.myntra.com/shirts/powerlook/powerlook-men-striped-casual-shirt/34050612/buy,"https://assets.myntassets.com/dpr_2,q_60,w_210,c_limit,fl_progressive/assets/images/2025/MAY/10/nRnt62xO_76fb1f55d2f7489697b79bf8e8199919.jpg"
CRESALE,Casual Shirt,Rs. 351,Rs. 899,https://www.myntra.com/shirts/cresale/cresale-boys-comfort-casual-shirt/34220052/buy,"https://assets.myntassets.com/dpr_2,q_60,w_210,c_limit,fl_progressive/assets/images/2025/MAY/18/LDkgJAjQ_1ec3c48e7e2c4e10a95e1cb1deeb2879.jpg"
Nautica,Casual Shirt,Rs. 519,Rs. 1999,https://www.myntra.com/shirts/nautica/nautica-boys-premium-casual-shirt/37973723/buy,"https://assets.myntassets.com/dpr_2,q_60,w_210,c_limit,fl_progressive/assets/images/2025/NOVEMBER/24/vU0qR88h_7f6fe0faa1f54488a4ccd7d5dc6c40b8.jpg"
Nautica,Slim Fit Casual Shirt,Rs. 1286,Rs. 3299,https://www.myntra.com/shirts/nautica/nautica-men-premium-slim-fit-pure-linen-casual-shirt/34492396/buy,"https://assets.myntassets.com/dpr_2,q_60,w_210,c_limit,fl_progressive/assets/images/34492396/2025/6/12/a6113014-9967-49d2-8dbf-b85e91ff8a1e1749720305163-Nautica-Men-Shirts-2891749720304600-1.jpg"
Googo Gaaga,Casual Shirt,Rs. 387,Rs. 2499,https://www.myntra.com/shirts/googo+gaaga/googo-gaaga-boys-casual-shirt/38204243/buy,"https://assets.myntassets.com/dpr_2,q_60,w_210,c_limit,fl_progressive/assets/images/2025/NOVEMBER/24/9gAyyp5w_3fbd0d2dce984a5e8029f83db50e4c5f.jpg"
Roadster,Pure Cotton Casual Shirt,Rs. 869,Rs. 2199,https://www.myntra.com/shirts/roadster/the-roadster-life-co-pinstripes-pure-cotton-wrap-style-pure-cotton-shirt-/39326278/buy,"https://assets.myntassets.com/dpr_2,q_60,w_210,c_limit,fl_progressive/assets/images/2026/JANUARY/21/k5u6CWxz_53f521315db74ac7b3d626f5a5270d0e.jpg"
HIGHLANDER,Men Relaxed Fit Cotton Shirt,Rs. 503,Rs. 2099,https://www.myntra.com/shirts/highlander/highlander-men-relaxed-fit-textured-cuban-collar-cotton-casual-shirt/34610530/buy,"https://assets.myntassets.com/dpr_2,q_60,w_210,c_limit,fl_progressive/assets/images/2025/MAY/31/j2sTt2re_018b513ee3b9494db0f212fb35a62917.jpg"
BEARSOUL,Casual Shirt,Rs. 699,Rs. 1999,https://www.myntra.com/shirts/bearsoul/bearsoul-boys-striped-casual-shirt/39635401/buy,"https://assets.myntassets.com/dpr_2,q_60,w_210,c_limit,fl_progressive/assets/images/2026/JANUARY/26/aBzbuObY_024d8a086ab14b01aac7622ebb470bb7.jpg"
max,Casual Shirt,,,https://www.myntra.com/shirts/max/max-boys-printed-casual-shirt/38506072/buy,"https://assets.myntassets.com/dpr_2,q_60,w_210,c_limit,fl_progressive/assets/images/2025/DECEMBER/8/ww1MnqmN_ada6a81adddc406b88e30f0530a69842.jpg"
HIGHLANDER,Men Striped Cotton Shirt,Rs. 484,Rs. 2549,https://www.myntra.com/shirts/highlander/highlander-men-comfort-fit-vertical-striped-spread-collar-cotton-casual-shirt/33368464/buy,"https://assets.myntassets.com/dpr_2,q_60,w_210,c_limit,fl_progressive/assets/images/2025/MARCH/27/qVKwEdJM_e524b99657264fa3bd6e0fcdcf321662.jpg"
H&M,Cotton Shirt,,,https://www.myntra.com/shirts/h%26m/hm-cotton-shirt/38224263/buy,"https://assets.myntassets.com/dpr_2,q_60,w_210,c_limit,fl_progressive/assets/images/2025/DECEMBER/15/KmRJBvlv_18be3bea4e204b82af24ea7ef3d8f52a.jpg"
Roadster,Pure Cotton Casual Shirt,Rs. 569,Rs. 1899,https://www.myntra.com/shirts/roadster/roadster-pure-cotton-casual-shirt/26383288/buy,"https://assets.myntassets.com/dpr_2,q_60,w_210,c_limit,fl_progressive/assets/images/26383288/2024/1/3/4ff7ec50-32be-43a3-9a3e-4d42c01e091b1704283164618-Women-Brown-Solid-Cotton-Regular-Fit-Casual-Shirt-9717042831-1.jpg"
Nautica,Men Solid Linen Casual Shirt,Rs. 1177,Rs. 3799,https://www.myntra.com/shirts/nautica/nautica-men-solid-button-down-collar-linen-casual-regular-fit-shirt/34815150/buy,"https://assets.myntassets.com/dpr_2,q_60,w_210,c_limit,fl_progressive/assets/images/2025/JUNE/9/ZQS24S7b_7c675d1b794843bd8fd9c80c5272b8c0.jpg"
YK,Boys Spread Collar Shirt,Rs. 329,Rs. 999,https://www.myntra.com/shirts/yk/yk-boys-modern-casual-shirt/38286967/buy,"https://assets.myntassets.com/dpr_2,q_60,w_210,c_limit,fl_progressive/assets/images/2025/NOVEMBER/28/a0fmXO04_b0a676a3258144bd9163f2ad005a8e90.jpg"
glitchez,Wrinkled Relaxed Fit Shirt,Rs. 559,Rs. 1999,https://www.myntra.com/shirts/glitchez/glitchez-wrinkled-relaxed-fit-shirt/31934887/buy,"https://assets.myntassets.com/dpr_2,q_60,w_210,c_limit,fl_progressive/assets/images/2025/JULY/16/9ZurwhHO_1f4ac3e874c54bc9a4267319a40bf445.jpg"
Powerlook,Men Checked Cotton Shirt,Rs. 813,Rs. 2199,https://www.myntra.com/shirts/powerlook/powerlook-men-spread-collar-micro-checked-cotton-casual-shirt/32156947/buy,"https://assets.myntassets.com/dpr_2,q_60,w_210,c_limit,fl_progressive/assets/images/2024/DECEMBER/31/VeZU76mB_e8ecfe223a2b4a62bf4340b56d8c4fb9.jpg"
Roadster,Oversized Casual Shirt,Rs. 541,Rs. 1799,https://www.myntra.com/shirts/roadster/roadster-striped-oversized-casual-shirt/30256916/buy,"https://assets.myntassets.com/dpr_2,q_60,w_210,c_limit,fl_progressive/assets/images/30256916/2024/9/18/25a3199a-83d7-460f-bde7-5c159e6eb4c81726637433682-Womens-Oversize-Long-Sleeve-Seersucker-Stripe-Shirt-23017266-1.jpg"
CORSICA,Casual Shirt,Rs. 699,Rs. 2199,https://www.myntra.com/shirts/corsica/corsica-women-printed-casual-shirt/39181372/buy,"https://assets.myntassets.com/dpr_2,q_60,w_210,c_limit,fl_progressive/assets/images/2026/JANUARY/5/Fi6k5TXJ_fc772bcaa632450598ce3ded2a684ca0.jpg"
Mr Bowerbird,Tailored Fit Casual Shirt,Rs. 1399,Rs. 3499,https://www.myntra.com/shirts/mr+bowerbird/mr-bowerbird-men-premium-tailored-fit-linen-cotton-casual-shirt-with-embroidered-detail/31539526/buy,"https://assets.myntassets.com/dpr_2,q_60,w_210,c_limit,fl_progressive/assets/images/31539526/2024/11/25/69c54d14-ce2b-43c3-b243-7e43dbab520a1732524076772-Mr-Bowerbird-Men-Shirts-1861732524076153-1.jpg"
Nautica,Casual Shirt,Rs. 559,Rs. 1999,https://www.myntra.com/shirts/nautica/nautica-boys-premium-casual-shirt/37984188/buy,"https://assets.myntassets.com/dpr_2,q_60,w_210,c_limit,fl_progressive/assets/images/2026/JANUARY/12/xkKLfv8L_e549ae67467b454f84187ca54a508137.jpg"
U.S. PITCHERS,Men Imported Linen Shirt,Rs. 548,Rs. 1299,https://www.myntra.com/shirts/u.s.+pitchers/us-pitchers-men-modern-slim-fit-casual-shirt/39404532/buy,"https://assets.myntassets.com/dpr_2,q_60,w_210,c_limit,fl_progressive/assets/images/2026/JANUARY/16/WCOMnCmi_fc191e822fb349d0bdd732df40aa20f2.jpg"
HIGHLANDER,Slim Fit Printed Casual Shirt,Rs. 539,Rs. 2249,https://www.myntra.com/shirts/highlander/highlander-men-comfort-slim-fit-printed-casual-shirt/33530222/buy,"https://assets.myntassets.com/dpr_2,q_60,w_210,c_limit,fl_progressive/assets/images/33530222/2025/4/19/fef3aafb-5e89-40b1-b730-0e7bd4f4c0571745047491991-HIGHLANDER-Men-Comfort-Slim-Fit-Printed-Casual-Shirt-8601745-1.jpg"
TIOR,Casual Shirt,Rs. 399,Rs. 1999,https://www.myntra.com/shirts/tior/tior-boys-printed-casual-shirt/39446879/buy,"https://assets.myntassets.com/dpr_2,q_60,w_210,c_limit,fl_progressive/assets/images/2026/JANUARY/18/ieYV3Kf9_5ab5f7cd74c84ff7b6d78d1ed9f9c60e.jpg"
CRESALE,Casual Shirt,Rs. 351,Rs. 899,https://www.myntra.com/shirts/cresale/cresale-boys-comfort-casual-shirt/34855493/buy,"https://assets.myntassets.com/dpr_2,q_60,w_210,c_limit,fl_progressive/assets/images/2025/JUNE/11/LAKPm2Qq_37a30fe4995c4cbe857b61a41c41c2bc.jpg"
Nautica,Slim Fit Linen Casual Shirt,Rs. 1177,Rs. 3799,https://www.myntra.com/shirts/nautica/nautica-slim-fit-linen-casual-shirt/37780454/buy,"https://assets.myntassets.com/dpr_2,q_60,w_210,c_limit,fl_progressive/assets/images/2025/NOVEMBER/25/WsMm8P7I_206f974f462045dcb5da07e93802f572.jpg"
HIGHLANDER,Slim Fit Striped Casual Shirt,Rs. 503,Rs. 1799,https://www.myntra.com/shirts/highlander/highlander-grey-slim-fit-striped-casual-cotton-shirt/23684570/buy,"https://assets.myntassets.com/dpr_2,q_60,w_210,c_limit,fl_progressive/assets/images/23684570/2023/6/19/c063a29a-580b-4b65-8d17-a6af3cc36c201687185313962HIGHLANDERMenGreySlimFitOpaqueStripedCasualShirt1.jpg"
TOONKY,Casual Shirt,Rs. 398,Rs. 1599,https://www.myntra.com/shirts/toonky/toonky-boys-standard-casual-shirt/38650145/buy,"https://assets.myntassets.com/dpr_2,q_60,w_210,c_limit,fl_progressive/assets/images/2025/DECEMBER/15/HEGCXvaQ_003cf653c6c14328b3d521720c1f280c.jpg"
Pantaloons Junior,Pure Cotton Shirt with T-shirt,Rs. 844,Rs. 1299,https://www.myntra.com/shirts/pantaloons+junior/pantaloons-junior-boys-textured-pure-cotton-shirt-with-t-shirt/36772359/buy,"https://assets.myntassets.com/dpr_2,q_60,w_210,c_limit,fl_progressive/assets/images/2025/SEPTEMBER/4/hyTrWQ2F_b7727dcabe53487197080c3fa263ad32.jpg"
Powerlook,Men Striped Casual Shirt,Rs. 799,Rs. 1999,https://www.myntra.com/shirts/powerlook/powerlook-men-spread-collar-vertical-striped-cotton-casual-shirt/31236637/buy,"https://assets.myntassets.com/dpr_2,q_60,w_210,c_limit,fl_progressive/assets/images/31236637/2025/6/12/99458c01-cb61-4801-9483-b279e7b380d21749734626836-Powerlook-Men-Spread-Collar-Vertical-Striped-Cotton-Casual-S-1.jpg"
CORSICA,Embroidered Blouson Shirt,Rs. 349,Rs. 1399,https://www.myntra.com/shirts/corsica/corsica-embroidered-blouson-shirt/33672281/buy,"https://assets.myntassets.com/dpr_2,q_60,w_210,c_limit,fl_progressive/assets/images/33672281/2025/5/6/0cfe43cb-a544-459e-965b-9aa43d30aeac1746511321750-CORSICA-Women-Tops-7851746511321187-1.jpg"
H&M,Cotton Shirt,,,https://www.myntra.com/shirts/h%26m/hm-cotton-shirt/38466921/buy,"https://assets.myntassets.com/dpr_2,q_60,w_210,c_limit,fl_progressive/assets/images/2025/DECEMBER/15/KaSQWdu7_9cb978ca016c4f49ab1ce7cbfddbaa16.jpg"
Nautica,Men Solid Linen Shirt,Rs. 1393,Rs. 3399,https://www.myntra.com/shirts/nautica/nautica-men-premium-slim-fit-linen-shirt/33594240/buy,"https://assets.myntassets.com/dpr_2,q_60,w_210,c_limit,fl_progressive/assets/images/2025/APRIL/14/gJfMhQX6_0d374ac82dcb4ad1a1a39bf436f18067.jpg"
TIOR,Casual Shirt,Rs. 399,Rs. 1999,https://www.myntra.com/shirts/tior/tior-boys-casual-shirt/39442862/buy,"https://assets.myntassets.com/dpr_2,q_60,w_210,c_limit,fl_progressive/assets/images/2026/JANUARY/17/pSc3MPeu_2589ebfd3df94ffb8bede621f8f6cb4e.jpg"
H&M,Cotton Shirt,,,https://www.myntra.com/shirts/h%26m/hm-cotton-shirt/34836050/buy,"https://assets.myntassets.com/dpr_2,q_60,w_210,c_limit,fl_progressive/assets/images/2025/SEPTEMBER/9/ffENYFpj_ca42bcd36b284f0880550847e8e0763a.jpg"
HIGHLANDER,Opaque Casual Shirt,Rs. 853,Rs. 3049,https://www.myntra.com/shirts/highlander/highlander-men-cotton-linen-casual-relaxed-fit-shirt/33475126/buy,"https://assets.myntassets.com/dpr_2,q_60,w_210,c_limit,fl_progressive/assets/images/2025/APRIL/4/rfFRwAt8_52dd9155d98d43ad97ce2ffd69021c19.jpg"
CHARCHIT,Boys Checked Cotton Shirt,Rs. 995,Rs. 1690,https://www.myntra.com/shirts/charchit/charchit-boys-comfort-tartan-checked-spread-collar-cotton-shirt-with-t-shirt/35939714/buy,"https://assets.myntassets.com/dpr_2,q_60,w_210,c_limit,fl_progressive/assets/images/2025/JULY/24/rZyJXrlJ_057c6a8531ea4ee6b661e5b06747309d.jpg"
Paper Cut,Relaxed Fit Cotton Shirts,Rs. 699,Rs. 2999,https://www.myntra.com/shirts/paper+cut/paper-cut-men-comfort-printed-casual-shirt/39574883/buy,"https://assets.myntassets.com/dpr_2,q_60,w_210,c_limit,fl_progressive/assets/images/2026/JANUARY/23/SBIFCgHH_909bebdea8504773b1990ded78a184d9.jpg"
UNSTD,Plus Size Cotton Shirt,Rs. 1298,Rs. 1999,https://www.myntra.com/shirts/unstd/unstd-men-plus-size-pure-cotton-casual-shirt/39022897/buy,"https://assets.myntassets.com/dpr_2,q_60,w_210,c_limit,fl_progressive/assets/images/2025/DECEMBER/29/8frZ0ZJg_d5d838e52bb244e7a860e91d2d650d0f.jpg"
NEXT,Boys Cotton Casual Shirt,Rs. 899,Rs. 1799,https://www.myntra.com/shirts/next/next-boys-cotton-casual-shirt/36363759/buy,"https://assets.myntassets.com/dpr_2,q_60,w_210,c_limit,fl_progressive/assets/images/2025/AUGUST/29/dWDffmil_5d5ed6f418f84aa9bc3520ef7dbfad32.jpg"
Hopscotch,Casual Shirt,Rs. 771,Rs. 999,https://www.myntra.com/shirts/hopscotch/hopscotch-boys-checked-casual-shirt/36297878/buy,"https://assets.myntassets.com/dpr_2,q_60,w_210,c_limit,fl_progressive/assets/images/2025/AUGUST/8/FMBzLRB6_14c3d13309b04bf6a012c05fa7491ebe.jpg"
U.S. Polo Assn.,Pure Cotton Casual Shirt,Rs. 1253,Rs. 2199,https://www.myntra.com/shirts/u.s.+polo+assn./us-polo-assn-pure-cotton-tailored-fit-casual-shirt/30425854/buy,"https://assets.myntassets.com/dpr_2,q_60,w_210,c_limit,fl_progressive/assets/images/30425854/2024/9/19/f12ff82e-c1e0-428f-9b62-eaed18cfec521726729372950-US-Polo-Assn-Pure-Cotton-Tailored-Fit-Casual-Shirt-977172672-1.jpg"
CHARCHIT,Boys Striped Cotton Shirt,Rs. 995,Rs. 1790,https://www.myntra.com/shirts/charchit/charchit-boys-striped-spread-collar-comfort-cotton-casual-shirt-with-t-shirt/33464739/buy,"https://assets.myntassets.com/dpr_2,q_60,w_210,c_limit,fl_progressive/assets/images/2025/APRIL/4/pdAdkuXL_285734621bb24356939a3104fbd719f1.jpg"
AAHWAN,Women Solid Casual Shirt,Rs. 594,Rs. 1999,https://www.myntra.com/shirts/aahwan/aahwan-women-solid-casual-shirt/36310374/buy,"https://assets.myntassets.com/dpr_2,q_60,w_210,c_limit,fl_progressive/assets/images/2025/AUGUST/13/9DfQ5I5P_fe4c015b1f3747798eb53cb455fcdbcb.jpg"
HERE&NOW,Smart CottonLinen Casual Shirt,Rs. 599,Rs. 1498,https://www.myntra.com/shirts/here%26now/herenow-men-smart-casual-shirt/39087276/buy,"https://assets.myntassets.com/dpr_2,q_60,w_210,c_limit,fl_progressive/assets/images/2025/DECEMBER/31/fvE6gUIK_38a9d5f8cfc0421889a81e2202ba976c.jpg"
CAVIO,Casual Shirt & T-Shirt,Rs. 995,Rs. 1490,https://www.myntra.com/shirts/cavio/cavio-boys-hood-graphic-printed-cotton-casual-shirt--t-shirt/30515836/buy,"https://assets.myntassets.com/dpr_2,q_60,w_210,c_limit,fl_progressive/assets/images/2024/AUGUST/9/votgFVSi_3124fe57e137426db7f178d12fc8de68.jpg"
CRESALE,Boys Comfort Casual Shirt,Rs. 351,Rs. 899,https://www.myntra.com/shirts/cresale/cresale-boys-comfort-casual-shirt/34855481/buy,"https://assets.myntassets.com/dpr_2,q_60,w_210,c_limit,fl_progressive/assets/images/2025/JUNE/11/vRA2aZbB_1643d7ae935243e391e34942bf41ceb7.jpg"
Banana Club,Men Solid Formal Shirt,Rs. 1299,Rs. 1999,https://www.myntra.com/shirts/banana+club/banana-club-men-classic-casual-shirt/36281603/buy,"https://assets.myntassets.com/dpr_2,q_60,w_210,c_limit,fl_progressive/assets/images/2025/AUGUST/7/aJRPssr6_c97ceb63352f4404b9acf05d2f329be7.jpg"
CORSICA,Women Satin Shirts,Rs. 699,Rs. 2199,https://www.myntra.com/shirts/corsica/corsica-women-printed-casual-shirt/39181368/buy,"https://assets.myntassets.com/dpr_2,q_60,w_210,c_limit,fl_progressive/assets/images/2026/JANUARY/5/zWrax9WI_37ec9a79b66846d7be5e7dd9eba34757.jpg"
TIOR,Casual Shirt,Rs. 399,Rs. 1999,https://www.myntra.com/shirts/tior/tior-boys-printed-casual-shirt/39446869/buy,"https://assets.myntassets.com/dpr_2,q_60,w_210,c_limit,fl_progressive/assets/images/2026/JANUARY/18/ZoRD0bkV_ddc9581e30904dbd90a495f278528d40.jpg"
Powerlook,Men Faded Cotton Casual Shirt,Rs. 1241,Rs. 2699,https://www.myntra.com/shirts/powerlook/powerlook-men-faded-spread-collar-pure-cotton-casual-shirt/36085839/buy,"https://assets.myntassets.com/dpr_2,q_60,w_210,c_limit,fl_progressive/assets/images/2025/JULY/29/POaZG1vr_d898757c2b904239817cd0db7d318a41.jpg"
TOONKY,Casual Shirt,Rs. 398,Rs. 1599,https://www.myntra.com/shirts/toonky/toonky-boys-standard-casual-shirt/38650140/buy,"https://assets.myntassets.com/dpr_2,q_60,w_210,c_limit,fl_progressive/assets/images/2025/DECEMBER/15/BsDW3uEh_f0e62f654cbd4b4d8bd266b68f9bea69.jpg"
max,Casual Shirt,,,https://www.myntra.com/shirts/max/max-boys-casual-shirt/39773476/buy,"https://assets.myntassets.com/dpr_2,q_60,w_210,c_limit,fl_progressive/assets/images/2026/FEBRUARY/1/O8fvZhCE_a796488c5ceb4ffebd0b651fccd5f09b.jpg"
Urbano Plus,Plus Size Relaxed Fit Shirt,Rs. 965,Rs. 2299,https://www.myntra.com/shirts/urbano+plus/urbano-plus-men-linen-full-sleeve-relaxed-fit-casual-solid-shirt/34266548/buy,"https://assets.myntassets.com/dpr_2,q_60,w_210,c_limit,fl_progressive/assets/images/2025/MAY/20/lOqxz3cQ_f9a0576605aa4b16813aef9ba47d188d.jpg"
CHARCHIT,Boys Embroidered Casual Shirt,Rs. 995,Rs. 1290,https://www.myntra.com/shirts/charchit/charchit-boys-embroidered-casual-shirt/33569015/buy,"https://assets.myntassets.com/dpr_2,q_60,w_210,c_limit,fl_progressive/assets/images/2025/NOVEMBER/26/kOA9ovDN_176cb86425d446fb860bb03eb68a70b0.jpg"
MAMERU,Casual Shirt,Rs. 491,Rs. 1999,https://www.myntra.com/shirts/mameru/mameru-men-striped-casual-shirt/39158890/buy,"https://assets.myntassets.com/dpr_2,q_60,w_210,c_limit,fl_progressive/assets/images/2026/JANUARY/4/CkTg3iuM_68ef18e5524643738d0a050b32ae75af.jpg"
Powerlook,Men Solid Cotton Casual Shirt,Rs. 1376,Rs. 2699,https://www.myntra.com/shirts/powerlook/powerlook-men-solid-button-down-collar-pure-cotton-casual-shirt/37201865/buy,"https://assets.myntassets.com/dpr_2,q_60,w_210,c_limit,fl_progressive/assets/images/2025/SEPTEMBER/25/A5bH1Nin_63fc2e93787a466099a2e6e871d155f4.jpg"
Style Quotient,Women Formal Shirt,Rs. 584,Rs. 1499,https://www.myntra.com/shirts/style+quotient/style-quotient-women-formal-shirt/19761202/buy,"https://assets.myntassets.com/dpr_2,q_60,w_210,c_limit,fl_progressive/assets/images/19761202/2022/9/15/6b924cc5-241d-4931-ba6f-1307e357d6001663220252210StyleQuotientWomenBlackFormalShirt1.jpg"
VANI COUTURE,Casual Shirt,Rs. 498,Rs. 999,https://www.myntra.com/shirts/vani+couture/vani-couture-boys-casual-shirt/38068080/buy,"https://assets.myntassets.com/dpr_2,q_60,w_210,c_limit,fl_progressive/assets/images/2025/NOVEMBER/24/rX8dMfKH_293f8b290e8a484f9d9fd9792a402e11.jpg"
Urbano Plus,Casual Shirt,Rs. 959,Rs. 2399,https://www.myntra.com/shirts/urbano+plus/urbano-plus-men-maroon-cotton-long-sleeve-regular-fit-casual-solid-shirt/35726503/buy,"https://assets.myntassets.com/dpr_2,q_60,w_210,c_limit,fl_progressive/assets/images/2025/OCTOBER/8/WWWKChvu_1f9ccb0c11fb4b08b963aaa071dd1a91.jpg"
English Navy,Striped Formal Shirt,Rs. 900,Rs. 1499,https://www.myntra.com/shirts/english+navy/english-navy-striped-formal-shirt/22340614/buy,"https://assets.myntassets.com/dpr_2,q_60,w_210,c_limit,fl_progressive/assets/images/22340614/2023/3/14/5f32a1f8-3eff-4f83-ae8b-692357a9b2e01678800612259EnglishNavyWomenNavyBlueRelaxedOpaqueStripedFormalShirt1.jpg"
Juniors by Babyshop,Casual Shirt,,,https://www.myntra.com/shirts/juniors+by+babyshop/juniors-by-babyshop-boys-casual-shirt/39524574/buy,"https://assets.myntassets.com/dpr_2,q_60,w_210,c_limit,fl_progressive/assets/images/2026/JANUARY/22/ML6ru2Da_281188615c6b4d83ab1df146aa385051.jpg"
Powerlook,Opaque Casual Shirt,Rs. 1121,Rs. 2199,https://www.myntra.com/shirts/powerlook/powerlook-men-opaque-casual-shirt/32853891/buy,"https://assets.myntassets.com/dpr_2,q_60,w_210,c_limit,fl_progressive/assets/images/2025/FEBRUARY/19/8y5pWvW5_25e80d915abb4e0aacb7493d075303fe.jpg"
VANI COUTURE,Casual Shirt,Rs. 498,Rs. 999,https://www.myntra.com/shirts/vani+couture/vani-couture-boys-casual-shirt/38074013/buy,"https://assets.myntassets.com/dpr_2,q_60,w_210,c_limit,fl_progressive/assets/images/2025/NOVEMBER/24/5G9P2WGN_d63cf0e9c90e436c9bc46c4ebee50d53.jpg"
max,Casual Shirt,,,https://www.myntra.com/shirts/max/max-boys-casual-shirt/39010174/buy,"https://assets.myntassets.com/dpr_2,q_60,w_210,c_limit,fl_progressive/assets/images/2025/DECEMBER/28/3AH1taB1_2a26c41f1d6b461a86355a1ad43556da.jpg"
U.S. Polo Assn. Denim Co.,Pure Cotton Slim Fit Shirt,Rs. 990,Rs. 2199,https://www.myntra.com/shirts/u.s.+polo+assn.+denim+co./us-polo-assn-denim-co-pure-cotton-slim-fit-casual-shirt/30425362/buy,"https://assets.myntassets.com/dpr_2,q_60,w_210,c_limit,fl_progressive/assets/images/30425362/2024/8/30/979965ee-e23f-4264-8ff0-ff04223477241724994782060-US-Polo-Assn-Denim-Co-Men-Shirts-3541724994781378-1.jpg"
CORSICA,Casual Shirt,Rs. 699,Rs. 2199,https://www.myntra.com/shirts/corsica/corsica-women-printed-casual-shirt/39365696/buy,"https://assets.myntassets.com/dpr_2,q_60,w_210,c_limit,fl_progressive/assets/images/2026/JANUARY/14/5itxzUSQ_0db1ef8869fd4b8f8b3384856ded0425.jpg"
RAVYA TRENDZ,2 pic kids boy shirt,Rs. 498,Rs. 1809,https://www.myntra.com/shirts/ravya+trendz/ravya-trendz-boys-classic-floral-printed-casual-shirt/39422975/buy,"https://assets.myntassets.com/dpr_2,q_60,w_210,c_limit,fl_progressive/assets/images/2026/JANUARY/17/Uc8bStYd_a64fda58dc4d453e81b928e78447a5ac.jpg"
Banana Club,Men Striped Casual Shirt,Rs. 1399,Rs. 2299,https://www.myntra.com/shirts/banana+club/banana-club-men-classic-striped-casual-shirt/36281583/buy,"https://assets.myntassets.com/dpr_2,q_60,w_210,c_limit,fl_progressive/assets/images/2025/AUGUST/14/28x5ZfFw_5a9241a0629b4d2bb4bb098aec2180f0.jpg"
Roadster,Oversized Casual Shirt,Rs. 488,Rs. 1499,https://www.myntra.com/shirts/roadster/roadster-women-oversized-casual-shirt/30257324/buy,"https://assets.myntassets.com/dpr_2,q_60,w_210,c_limit,fl_progressive/assets/images/30257324/2024/10/7/3cd9c1ee-a5dd-48e9-bb42-bb8b5dc42fd71728301923963-Womens-Oversize-Long-Sleeve-Johny-Collar-Pue-Cotton-Shirt-96-1.jpg"
CAVIO,Casual Shirt,Rs. 794,Rs. 1290,https://www.myntra.com/shirts/cavio/cavio-boys-comfort-casual-shirt/34546531/buy,"https://assets.myntassets.com/dpr_2,q_60,w_210,c_limit,fl_progressive/assets/images/34546531/2025/6/17/7c629378-b7ac-4d9c-9e9c-aa3a033299711750163783637-CAVIO-Boys-Comfort-Casual-Shirt-6851750163782988-1.jpg"
Raymond,Pure Cotton Formal Shirt,Rs. 1049,Rs. 2099,https://www.myntra.com/shirts/raymond/raymond-pure-cotton-opaque-formal-shirt/28554820/buy,"https://assets.myntassets.com/dpr_2,q_60,w_210,c_limit,fl_progressive/assets/images/28554820/2024/5/16/de261930-0738-4f99-a7b6-c43bc90094141715834577440ShirtsencorebyINVICTUSWomenShirtsencorebyINVICTUSWomenShirts1.jpg"
CORSICA,Casual Shirt,Rs. 699,Rs. 2199,https://www.myntra.com/shirts/corsica/corsica-women-printed-casual-shirt/39365664/buy,"https://assets.myntassets.com/dpr_2,q_60,w_210,c_limit,fl_progressive/assets/images/2026/JANUARY/14/d4Yk7okt_7b6b1af9ed6f4162983b7a496799b7a2.jpg"
DANFORTH,Boys Casual Shirt With T-shirt,Rs. 315,Rs. 1153,https://www.myntra.com/shirts/danforth/danforth-boys-textured-classic-casual-shirt-with-t-shirt/37116763/buy,"https://assets.myntassets.com/dpr_2,q_60,w_210,c_limit,fl_progressive/assets/images/2025/SEPTEMBER/22/Z7kQcZto_5c765e866d814e83aff64e2e0f5d4c2c.jpg"
Powerlook,SS25 Denim Casual Shirt,Rs. 1362,Rs. 2899,https://www.myntra.com/shirts/powerlook/powerlook-ss25-charcoal-washed-denim-casual-shirt/36732243/buy,"https://assets.myntassets.com/dpr_2,q_60,w_210,c_limit,fl_progressive/assets/images/2025/SEPTEMBER/2/Emo8pTno_4f9e9f9ecf2143729cb1648c66b608b5.jpg"
VANI COUTURE,Boys Polycotton Shirts,Rs. 498,Rs. 999,https://www.myntra.com/shirts/vani+couture/vani-couture-boys-casual-shirt/38324292/buy,"https://assets.myntassets.com/dpr_2,q_60,w_210,c_limit,fl_progressive/assets/images/2025/NOVEMBER/29/VV1GvYFA_bdf0118cb514406e99c8f9e882683d2c.jpg"
NEXT,Boys Casual Shirt,Rs. 809,Rs. 1799,https://www.myntra.com/shirts/next/next-boys-casual-shirt/36363761/buy,"https://assets.myntassets.com/dpr_2,q_60,w_210,c_limit,fl_progressive/assets/images/2025/AUGUST/29/4l1Vg5J4_b1f075c6e4c84dbfa9b890a07d517ff9.jpg"
Nautica,Slim Fit Casual Shirt,Rs. 887,Rs. 2399,https://www.myntra.com/shirts/nautica/nautica-men-premium-tenceluxe-slim-fit-casual-shirt/33159440/buy,"https://assets.myntassets.com/dpr_2,q_60,w_210,c_limit,fl_progressive/assets/images/33159440/2025/3/24/02778493-15d8-4753-98bf-e4ab605d4b111742814688150-Nautica-Men-Shirts-5621742814687554-1.jpg"
TIOR,Casual Shirt,Rs. 399,Rs. 1999,https://www.myntra.com/shirts/tior/tior-boys-checked-casual-shirt/39447157/buy,"https://assets.myntassets.com/dpr_2,q_60,w_210,c_limit,fl_progressive/assets/images/2026/JANUARY/18/J2XCGVPW_429f0e0e64034700a3143ccd8bef992f.jpg"
HIGHLANDER,Slim Fit Opaque Casual Shirt,Rs. 367,Rs. 1599,https://www.myntra.com/shirts/highlander/highlander-men-slim-fit-shirt/29684214/buy,"https://assets.myntassets.com/dpr_2,q_60,w_210,c_limit,fl_progressive/assets/images/29684214/2024/5/21/7007b094-b2f5-4500-b40e-7cf0257a15c81716312198003HIGHLANDERMenSlimFitOpaqueCasualShirt1.jpg"
Urbano Fashion,Denim Casual Shirt,Rs. 911,Rs. 2399,https://www.myntra.com/shirts/urbano+fashion/urbano-fashion-mens-grey-regular-fit-full-sleeve-washed-denim-shirt/36164393/buy,"https://assets.myntassets.com/dpr_2,q_60,w_210,c_limit,fl_progressive/assets/images/2025/NOVEMBER/3/KI8gorbe_15e66105de9f406db5aa13806f87f3b3.jpg"
Roadster,Oversized Casual Shirt,Rs. 541,Rs. 1799,https://www.myntra.com/shirts/roadster/roadster-oversized-striped-casual-shirt/30256920/buy,"https://assets.myntassets.com/dpr_2,q_60,w_210,c_limit,fl_progressive/assets/images/30256920/2024/9/18/4ff6e127-31a6-4fde-850e-17bcd0117f961726637443667-Womens-Oversize-Long-Sleeve-Seersucker-Stripe-Shirt-85917266-1.jpg"
Maaesa,Casual Shirt,Rs. 699,Rs. 2497,https://www.myntra.com/shirts/maaesa/maaesa-women-casual-shirt/39491493/buy,"https://assets.myntassets.com/dpr_2,q_60,w_210,c_limit,fl_progressive/assets/images/2026/JANUARY/21/habqBFP0_71bbb87b0f704c1f9a433efbc38d7582.jpg"
Nautica,Pure Cotton Slim Casual Shirt,Rs. 811,Rs. 2899,https://www.myntra.com/shirts/nautica/nautica-pure-cotton-slim-fit-opaque-checked-casual-shirt/30379690/buy,"https://assets.myntassets.com/dpr_2,q_60,w_210,c_limit,fl_progressive/assets/images/30379690/2024/9/18/5ca2be20-f4b4-45a9-9be8-8b432acb17aa1726654888749-Nautica-Men-Shirts-6651726654888050-1.jpg"
DANFORTH,Casual Shirt,Rs. 315,Rs. 1999,https://www.myntra.com/shirts/danforth/danforth-boys-relaxed-casual-shirt/38311064/buy,"https://assets.myntassets.com/dpr_2,q_60,w_210,c_limit,fl_progressive/assets/images/2025/NOVEMBER/29/iQWWTUKo_4517b2909f4c4a7ba880357af1161881.jpg"
PINACOLADA,Casual Shirt,Rs. 719,Rs. 1499,https://www.myntra.com/shirts/pinacolada/pinacolada-women-comfort-casual-shirt/37865011/buy,"https://assets.myntassets.com/dpr_2,q_60,w_210,c_limit,fl_progressive/assets/images/2025/NOVEMBER/8/vG6RW7Q9_84285e7442b14d96a2f418f95cfc5d9c.jpg"
U.S. Polo Assn.,Men Solid Cotton Shirt,Rs. 990,Rs. 2199,https://www.myntra.com/shirts/u.s.+polo+assn./us-polo-assn-men-spread-collar-solid-cotton-casual-shirt/33186689/buy,"https://assets.myntassets.com/dpr_2,q_60,w_210,c_limit,fl_progressive/assets/images/2025/MARCH/13/cl1RmgTA_9c057da9cbd1469e89392bbc26537709.jpg"
zarila,Casual Shirt,Rs. 449,Rs. 1499,https://www.myntra.com/shirts/zarila/zarila-boys-casual-shirt/37949603/buy,"https://assets.myntassets.com/dpr_2,q_60,w_210,c_limit,fl_progressive/assets/images/2025/NOVEMBER/13/PJQDTOR9_17bcdaf90c5748d395c78d757331ab34.jpg"
CHARCHIT,Boys Embroidered Casual Shirt,Rs. 1189,Rs. 1490,https://www.myntra.com/shirts/charchit/charchit-boys-embroidered-casual-shirt/33569056/buy,"https://assets.myntassets.com/dpr_2,q_60,w_210,c_limit,fl_progressive/assets/images/2025/NOVEMBER/3/ZcJZ88Mm_3cda2034eb524eac8809b31dfd2d7e1f.jpg"
Park Avenue,Slim Pure Cotton Casual Shirt,Rs. 989,Rs. 2199,https://www.myntra.com/shirts/park+avenue/park-avenue-slim-fit-opaque-pure-cotton-casual-shirt/25365088/buy,"https://assets.myntassets.com/dpr_2,q_60,w_210,c_limit,fl_progressive/assets/images/25365088/2023/11/16/ae4c6203-9769-478d-8d6a-24ca6cfb4c0f1700129208791-Park-Avenue-Slim-Fit-Opaque-Pure-Cotton-Casual-Shirt-7517001-1.jpg"
Roadster,Men Casual Shirt,Rs. 433,Rs. 1299,https://www.myntra.com/shirts/roadster/roadster-men-white-casual-shirt/10398123/buy,"https://assets.myntassets.com/dpr_2,q_60,w_210,c_limit,fl_progressive/assets/images/10398123/2019/12/3/52795871-cf37-46bd-a128-8d3479c767d81575349640658-Roadster-Men-Shirts-3221575349637459-1.jpg"
Tzelynn,Women Floral Casual Shirt,Rs. 429,Rs. 1199,https://www.myntra.com/shirts/tzelynn/tzelynn-women-floral-casual-shirt/36541139/buy,"https://assets.myntassets.com/dpr_2,q_60,w_210,c_limit,fl_progressive/assets/images/2025/AUGUST/22/4EuczFzv_3b13ba6de64c4b4f828658f538290924.jpg"
Nautica,Slim Fit Striped Casual Shirt,Rs. 815,Rs. 2399,https://www.myntra.com/shirts/nautica/nautica-premium-slim-fit-striped-pure-cotton-casual-shirt/32609179/buy,"https://assets.myntassets.com/dpr_2,q_60,w_210,c_limit,fl_progressive/assets/images/32609179/2025/2/13/47aa1c86-c67d-4ca3-8db5-db94e683bf631739450114191-Nautica-Men-Shirts-2291739450113680-1.jpg"
CORSICA,Casual Shirt,Rs. 699,Rs. 2199,https://www.myntra.com/shirts/corsica/corsica-women-printed-casual-shirt/39365653/buy,"https://assets.myntassets.com/dpr_2,q_60,w_210,c_limit,fl_progressive/assets/images/2026/JANUARY/14/WxnrClA7_714ea4dcf03c40ab8039d32e5503bfd9.jpg"
HIGHLANDER,Slim Fit Opaque Casual Shirt,Rs. 399,Rs. 1599,https://www.myntra.com/shirts/highlander/highlander-men-solid-casual-shirt/30083639/buy,"https://assets.myntassets.com/dpr_2,q_60,w_210,c_limit,fl_progressive/assets/images/30083639/2024/6/30/aa76f2bb-28df-406d-b265-ad4c32be44471719693367459HIGHLANDERMenSlimFitOpaqueCasualShirt1.jpg"
AD By Arvind,Men Checked Casual Shirt,Rs. 1379,Rs. 2299,https://www.myntra.com/shirts/ad+by+arvind/ad-by-arvind-men-spread-collar-checked-cotton-casual-shirt/31260347/buy,"https://assets.myntassets.com/dpr_2,q_60,w_210,c_limit,fl_progressive/assets/images/2024/OCTOBER/9/QT5VByIX_68c2d6f313024c8984e0a49f5d43fa97.jpg"
Roadster,Tartan Checked Casual Shirt,Rs. 692,Rs. 2099,https://www.myntra.com/shirts/roadster/roadster-tartan-checked-casual-shirt/26383294/buy,"https://assets.myntassets.com/dpr_2,q_60,w_210,c_limit,fl_progressive/assets/images/26383294/2024/1/3/acd69a51-f57f-4333-a36e-5243be6d091a1704281533253-Women-Navy-Blue--Red-Checked-Regular-Fit-Casual-Shirt-485170-1.jpg"
U.S. PITCHERS,Men Oxford Cotton Shirt,Rs. 598,Rs. 1299,https://www.myntra.com/shirts/u.s.+pitchers/us-pitchers-men-modern-slim-fit-casual-shirt/39423987/buy,"https://assets.myntassets.com/dpr_2,q_60,w_210,c_limit,fl_progressive/assets/images/2026/JANUARY/17/P8oT6ARh_d88577e136084a66b4c617f0660efead.jpg"
Raymond,Slim Fit Formal Shirt,Rs. 1196,Rs. 2099,https://www.myntra.com/shirts/raymond/raymond-slim-fit-pure-cotton-formal-shirt/28554962/buy,"https://assets.myntassets.com/dpr_2,q_60,w_210,c_limit,fl_progressive/assets/images/28554962/2024/5/14/eaea1cd5-6c5f-4d5e-9b75-672042a8ad231715676178823-Raymond-Men-Shirts-2461715676178386-1.jpg"
CHARCHIT,Casual Shirt,Rs. 1289,Rs. 1790,https://www.myntra.com/shirts/charchit/charchit-boys-comfort-casual-shirt/33712395/buy,"https://assets.myntassets.com/dpr_2,q_60,w_210,c_limit,fl_progressive/assets/images/33712395/2025/6/25/05da3220-8f7a-4339-9ca0-19e5fbac27381750830482231-CHARCHIT-Boys-Comfort-Casual-Shirt-1631750830481716-1.jpg"
AAHWAN,Casual Shirt,Rs. 594,Rs. 1999,https://www.myntra.com/shirts/aahwan/aahwan-women-casual-shirt/38971120/buy,"https://assets.myntassets.com/dpr_2,q_60,w_210,c_limit,fl_progressive/assets/images/2025/DECEMBER/26/T7MtqrQy_2c3e3bde84604dfd899308bd965e92ba.jpg"
Nautica,Slim Fit Formal Shirt,Rs. 755,Rs. 2699,https://www.myntra.com/shirts/nautica/nautica-men-premium-slim-fit-pure-cotton-formal-shirt/31332851/buy,"https://assets.myntassets.com/dpr_2,q_60,w_210,c_limit,fl_progressive/assets/images/31332851/2024/11/11/c2a05c52-497d-4d64-8059-66a164617d291731325242612-Nautica-Men-Premium-Slim-Fit-Casual-Shirt-7951731325241864-1.jpg"
CORSICA,Casual Shirt,Rs. 699,Rs. 2199,https://www.myntra.com/shirts/corsica/corsica-women-printed-casual-shirt/38474124/buy,"https://assets.myntassets.com/dpr_2,q_60,w_210,c_limit,fl_progressive/assets/images/2025/DECEMBER/7/HjPOreq4_92dc6aecc2b24ab09139bfbe5ea6051e.jpg"
TIOR,Casual Shirt,Rs. 399,Rs. 1999,https://www.myntra.com/shirts/tior/tior-boys-printed-casual-shirt/39440265/buy,"https://assets.myntassets.com/dpr_2,q_60,w_210,c_limit,fl_progressive/assets/images/2026/JANUARY/17/bBifOpb6_de0553c3524b460a85886c7e068b5f17.jpg"
Banana Club,Men Textured Casual Shirt,Rs. 1249,Rs. 2199,https://www.myntra.com/shirts/banana+club/banana-club-men-micro-checked-casual-shirt/36281609/buy,"https://assets.myntassets.com/dpr_2,q_60,w_210,c_limit,fl_progressive/assets/images/2025/AUGUST/7/ILjdjJiz_55b498d077c64ac7849ac7c23c14ed27.jpg"
YK,Casual Shirt,Rs. 399,Rs. 1499,https://www.myntra.com/shirts/yk/yk-boys-classic-casual-shirt/38051637/buy,"https://assets.myntassets.com/dpr_2,q_60,w_210,c_limit,fl_progressive/assets/images/2025/NOVEMBER/18/8PjXP6Lj_8fe90705a5014fa4b8da58ad1ee4491a.jpg"
Xsole,Casual Shirt,Rs. 779,Rs. 1659,https://www.myntra.com/shirts/xsole/xsole-boys-casual-shirt/37459527/buy,"https://assets.myntassets.com/dpr_2,q_60,w_210,c_limit,fl_progressive/assets/images/2025/OCTOBER/13/ggf46yXw_db52c763978b4e06b73e88e4079e935e.jpg"
Roadster,Relaxed Fit Casual Shirt,Rs. 486,Rs. 2599,https://www.myntra.com/shirts/roadster/roadster-men-checked-relaxed-fit-casual-shirt/29853140/buy,"https://assets.myntassets.com/dpr_2,q_60,w_210,c_limit,fl_progressive/assets/images/29853140/2024/11/6/4a82066a-4e75-47d9-81b2-4fc1df7a80541730892569669-Roadster-Relaxed-Fit-Mens-Long-Sleeve-Shirts-256173089256913-1.jpg"
CORSICA,Casual Shirt,Rs. 648,Rs. 1699,https://www.myntra.com/shirts/corsica/corsica-women-comfort-casual-shirt/34095805/buy,"https://assets.myntassets.com/dpr_2,q_60,w_210,c_limit,fl_progressive/assets/images/2025/MAY/10/LuLC3dFT_f5b28fc11bae476f89a5f3585d818454.jpg"
Anouk,Spread Collar Casual Shirt,Rs. 676,Rs. 2199,https://www.myntra.com/shirts/anouk/anouk-spread-collar-casual-shirt-/31419306/buy,"https://assets.myntassets.com/dpr_2,q_60,w_210,c_limit,fl_progressive/assets/images/31419306/2025/5/20/9e48d41f-2672-444e-a579-efcd59ae9f231747735031611-Anouk-Women-Shirt-Collar-Full-Sleeve-Shirt-931747735031256-1.jpg"
GAP,Button-Down Full Sleeve Shirt,Rs. 1249,Rs. 2499,https://www.myntra.com/shirts/gap/gap-pure-cotton-classic-button-down-full-sleeve-shirt/35160612/buy,"https://assets.myntassets.com/dpr_2,q_60,w_210,c_limit,fl_progressive/assets/images/2025/JUNE/25/nRSRvYYd_e5c6b8e4ecc04364a841c04b0ea21087.jpg"
DressBerry,Floral Printed Casual Shirt,Rs. 499,Rs. 1899,https://www.myntra.com/shirts/dressberry/dressberry-floral-printed-casual-shirt/34175898/buy,"https://assets.myntassets.com/dpr_2,q_60,w_210,c_limit,fl_progressive/assets/images/34175898/2025/5/21/d32dcfca-d06f-4f78-8784-6707e6ecb95c1747802634925-DressBerry-Women-Shirts-3721747802634327-1.jpg"
Paper Cut,Relaxed Fit Cotton Shirts,Rs. 699,Rs. 2999,https://www.myntra.com/shirts/paper+cut/paper-cut-men-comfort-casual-shirt/39574846/buy,"https://assets.myntassets.com/dpr_2,q_60,w_210,c_limit,fl_progressive/assets/images/2026/JANUARY/23/GqI2Wn7A_ffe50fe2b58145279f54e204099850a0.jpg"
Nautica,Slim Fit Casual Shirt,Rs. 713,Rs. 2099,https://www.myntra.com/shirts/nautica/nautica-men-premium-slim-fit-striped-pure-cotton-casual-shirt/33074926/buy,"https://assets.myntassets.com/dpr_2,q_60,w_210,c_limit,fl_progressive/assets/images/33074926/2025/3/24/6992761d-24e9-40fd-b894-074c09c4a5791742807772853-Nautica-Men-Shirts-7581742807772294-1.jpg"
CAVIO,Boys Checked Casual Shirt,Rs. 794,Rs. 1290,https://www.myntra.com/shirts/cavio/cavio-boys-checked-casual-shirt/33563159/buy,"https://assets.myntassets.com/dpr_2,q_60,w_210,c_limit,fl_progressive/assets/images/33563159/2025/5/7/5dce3f37-e389-465f-9016-70a9490c71ab1746619102657-CAVIO-Boys-Red-Regular-Fit-Checks-Pattern-Casual-Cotton-Shir-1.jpg"
Style Quotient,Women Formal Shirt,Rs. 584,Rs. 1499,https://www.myntra.com/shirts/style+quotient/style-quotient-women-formal-shirt/19761204/buy,"https://assets.myntassets.com/dpr_2,q_60,w_210,c_limit,fl_progressive/assets/images/19761204/2022/9/2/31ca5838-9920-4d98-95ac-0d81ba733b6a1662107983460StyleQuotientWomenNavyBlueClassicFormalShirt1.jpg"
Louis Philippe,Slim Pure Cotton Formal Shirt,Rs. 1299,Rs. 2499,https://www.myntra.com/shirts/louis+philippe/louis-philippe-men-slim-fit-easy-to-iron-premium-cotton-full-sleeve-formal-shirt/36356276/buy,"https://assets.myntassets.com/dpr_2,q_60,w_210,c_limit,fl_progressive/assets/images/2025/NOVEMBER/10/ZHzAWlbi_fe1ad0aed49b4a58bea2ae4dc08588f2.jpg"
CORSICA,Casual Shirt,Rs. 699,Rs. 2199,https://www.myntra.com/shirts/corsica/corsica-women-printed-casual-shirt/39181370/buy,"https://assets.myntassets.com/dpr_2,q_60,w_210,c_limit,fl_progressive/assets/images/2026/JANUARY/5/Wu9ai804_2bd0783ff8a242cdb199bf30ee3536a7.jpg"
CHARCHIT,Casual Shirt,Rs. 794,Rs. 1490,https://www.myntra.com/shirts/charchit/charchit-boys-comfort-casual-shirt/33712413/buy,"https://assets.myntassets.com/dpr_2,q_60,w_210,c_limit,fl_progressive/assets/images/2025/SEPTEMBER/25/nxd3uTXh_be08b742f779452bba2300ed2500b3d4.jpg"
Powerlook,Long Sleeves Shirt,Rs. 1295,Rs. 2699,https://www.myntra.com/shirts/powerlook/powerlook-long-sleeves-shirt/36905622/buy,"https://assets.myntassets.com/dpr_2,q_60,w_210,c_limit,fl_progressive/assets/images/2025/SEPTEMBER/12/naBJIVEX_822f4ee415ad4a9e8548d2aeeaaf7d27.jpg"
Pantaloons Junior,Casual Shirt,,,https://www.myntra.com/shirts/pantaloons+junior/pantaloons-junior-boys-casual-shirt/37466624/buy,"https://assets.myntassets.com/dpr_2,q_60,w_210,c_limit,fl_progressive/assets/images/2025/OCTOBER/13/5URni0rL_65891b55701d43a9a505c23366f881ff.jpg"
Roadster,Oversized Casual Shirt,Rs. 488,Rs. 1499,https://www.myntra.com/shirts/roadster/roadster-women-oversized-casual-shirt/30257310/buy,"https://assets.myntassets.com/dpr_2,q_60,w_210,c_limit,fl_progressive/assets/images/30257310/2024/10/7/a3038269-2461-4b37-af8d-8ace4c370fcf1728302973766-Womens-Oversize-Long-Sleeve-Johny-Collar-Pue-Cotton-Shirt-55-1.jpg"
UNSTD,Plus Size Striped Shirt,Rs. 1298,Rs. 1999,https://www.myntra.com/shirts/unstd/unstd-plus-size-cotton-striped-casual-shirt/39015766/buy,"https://assets.myntassets.com/dpr_2,q_60,w_210,c_limit,fl_progressive/assets/images/2025/DECEMBER/29/wJdOudAJ_79af4151be4b4e31ae9f98f84c94d317.jpg"
CAVIO,Boys Cotton Casual Shirt,Rs. 995,Rs. 2190,https://www.myntra.com/shirts/cavio/cavio-boys-typography-printed-roll-up-sleeves-cotton-casual-shirt--t-shirt/26800834/buy,"https://assets.myntassets.com/dpr_2,q_60,w_210,c_limit,fl_progressive/assets/images/2025/OCTOBER/10/X663Du8k_77261dcbde6244f39e9a6a372106cc22.jpg"
Pantaloons Junior,Casual Shirt,,,https://www.myntra.com/shirts/pantaloons+junior/pantaloons-junior-boys-casual-shirt/37466625/buy,"https://assets.myntassets.com/dpr_2,q_60,w_210,c_limit,fl_progressive/assets/images/2025/OCTOBER/13/zNBj0DIV_fe3fa19c129a42269db9a15ae4d9facd.jpg"
Arrow Sport,Pure Cotton Casual Shirt,Rs. 1199,Rs. 2399,https://www.myntra.com/shirts/arrow+sport/arrow-sport-manhattan-slim-fit-buffalo-checks-pure-cotton-casual-shirt/34587705/buy,"https://assets.myntassets.com/dpr_2,q_60,w_210,c_limit,fl_progressive/assets/images/2025/DECEMBER/22/PtySH2AL_31ee310c4f0b49cc875cbd543c6b3544.jpg"
HERE&NOW,Denim Casual Shirt,Rs. 649,Rs. 2399,https://www.myntra.com/shirts/here%26now/herenow-boys-denim-casual-shirt/26206376/buy,"https://assets.myntassets.com/dpr_2,q_60,w_210,c_limit,fl_progressive/assets/images/26206376/2024/1/10/df3ffb1e-73b6-4f34-95a2-d4055f5c3a1d1704876673109-HERENOW-Boys-Shirts-1751704876672929-1.jpg"
U.S. PITCHERS,Men Oxford Button-Down Shirt,Rs. 598,Rs. 1299,https://www.myntra.com/shirts/u.s.+pitchers/us-pitchers-men-modern-slim-fit-casual-shirt/39423585/buy,"https://assets.myntassets.com/dpr_2,q_60,w_210,c_limit,fl_progressive/assets/images/2026/JANUARY/17/8JO0xFY1_c867925e90274993836404ecac762226.jpg"
The Souled Store,Men Printed Casual Shirt,Rs. 1399,Rs. 1799,https://www.myntra.com/shirts/the+souled+store/the-souled-store-men-rolling-hills-printed-off-white-regular-fit-shackets/31023093/buy,"https://assets.myntassets.com/dpr_2,q_60,w_210,c_limit,fl_progressive/assets/images/2024/SEPTEMBER/18/eOSJbalh_4e9b128b804145938aea899403f43dd5.jpg"
max,Boys Striped Cotton Shirt,Rs. 489,Rs. 699,https://www.myntra.com/shirts/max/max-boys-vertical-striped-spread-collar-cotton-formal-shirt/35291311/buy,"https://assets.myntassets.com/dpr_2,q_60,w_210,c_limit,fl_progressive/assets/images/2025/JUNE/30/7sB4EDty_73a722254d1042c6bcd2c3332d0ab2c5.jpg"
United Colors of Benetton,Boys Regular Fit Casual Shirt,Rs. 683,Rs. 1799,https://www.myntra.com/shirts/united+colors+of+benetton/united-colors-of-benetton-boys-regular-fit-casual-shirt/34386150/buy,"https://assets.myntassets.com/dpr_2,q_60,w_210,c_limit,fl_progressive/assets/images/2025/MAY/24/gKcuSmOp_498af11d900343fcb5b680925d53d882.jpg"
Powerlook,Casual Shirt,Rs. 909,Rs. 2599,https://www.myntra.com/shirts/powerlook/powerlook-men-casual-shirt/37902524/buy,"https://assets.myntassets.com/dpr_2,q_60,w_210,c_limit,fl_progressive/assets/images/2025/NOVEMBER/11/T7ghhwnG_4c3406ab1a4b4290be801ab0b09836b1.jpg"
CAVIO,Floral Print Shirt &T-Shirt,Rs. 995,Rs. 1690,https://www.myntra.com/shirts/cavio/cavio-boys-floral-print-shirt-with-t-shirt/34493890/buy,"https://assets.myntassets.com/dpr_2,q_60,w_210,c_limit,fl_progressive/assets/images/34493890/2025/6/9/7e653460-7bbc-46e9-bc08-91ac54039cbb1749465374864-CAVIO-Boys-Floral-Print-Shirt-with-T-Shirt-1131749465373927-1.jpg"
Club96,Boys Cotton Shirts,Rs. 398,Rs. 1499,https://www.myntra.com/shirts/club96/club96-boys-cotton-shirts/35684069/buy,"https://assets.myntassets.com/dpr_2,q_60,w_210,c_limit,fl_progressive/assets/images/2025/JULY/12/IXrhZW66_cc2e2938f036426f937f46719094f960.jpg"
Nautica,Pure Cotton Casual Shirt,Rs. 805,Rs. 2599,https://www.myntra.com/shirts/nautica/nautica-pure-cotton-striped-classic-fit-casual-shirt/36155277/buy,"https://assets.myntassets.com/dpr_2,q_60,w_210,c_limit,fl_progressive/assets/images/2025/AUGUST/13/heDgksgC_3696a5168b41443d9fa0097b2560501c.jpg"
HERE&NOW,Denim Casual Shirt,Rs. 649,Rs. 2399,https://www.myntra.com/shirts/here%26now/herenow-boys-denim-casual-shirt/26206380/buy,"https://assets.myntassets.com/dpr_2,q_60,w_210,c_limit,fl_progressive/assets/images/26206380/2024/1/10/cac45ba8-dc4b-4665-b7ba-209e6247f2411704876943517-HERENOW-Boys-Shirts-3681704876943240-1.jpg"
Roadster,Oversized Casual Shirt,Rs. 488,Rs. 1499,https://www.myntra.com/shirts/roadster/roadster-women-oversized-casual-shirt/30257319/buy,"https://assets.myntassets.com/dpr_2,q_60,w_210,c_limit,fl_progressive/assets/images/30257319/2024/10/7/a7219db4-330b-49aa-baa6-69e5f2d0c5961728301989658-Womens-Oversize-Long-Sleeve-Johny-Collar-Pue-Cotton-Shirt-57-1.jpg"
Powerlook,Men Solid Cotton Casual Shirt,Rs. 923,Rs. 2199,https://www.myntra.com/shirts/powerlook/powerlook-men-solid-button-down-collar-cotton-casual-shirt/35054553/buy,"https://assets.myntassets.com/dpr_2,q_60,w_210,c_limit,fl_progressive/assets/images/2025/JUNE/19/FnQ7oYxx_62f495704c844d9dbdeafcb45028f0c6.jpg"
DANFORTH,Boys Textured Cotton Shirt,Rs. 315,Rs. 1150,https://www.myntra.com/shirts/danforth/danforth-boys-classic-fit-textured-spread-collar-cotton-casual-shirt/37093641/buy,"https://assets.myntassets.com/dpr_2,q_60,w_210,c_limit,fl_progressive/assets/images/2025/SEPTEMBER/20/24GHEcU3_27a29b1c2f9b40239c5399dbfa3af2d3.jpg"
Roadster,Chambray Casual Shirt,Rs. 460,Rs. 1499,https://www.myntra.com/shirts/roadster/the-roadster-lifestyle-co-men-light-blue-solid-regular-fit-chambray-casual-shirt/15557590/buy,"https://assets.myntassets.com/dpr_2,q_60,w_210,c_limit,fl_progressive/assets/images/15557590/2022/2/18/a88d594a-0184-4042-baad-01c2d7874cec1645166286136-Roadster-Men-Shirts-4091645166285596-1.jpg"
Roadster,Cotton Relaxed Fit Shirt,Rs. 509,Rs. 1499,https://www.myntra.com/shirts/roadster/the-roadster-life-co-checked-pure-cotton-relaxed-fit-shirt/32020582/buy,"https://assets.myntassets.com/dpr_2,q_60,w_210,c_limit,fl_progressive/assets/images/2026/JANUARY/29/GJWD0TRE_439a7a3f5e9e4a93b0565eac4eeb7ae8.jpg"
max,Casual Shirt,,,https://www.myntra.com/shirts/max/max-boys-printed-casual-shirt/38336473/buy,"https://assets.myntassets.com/dpr_2,q_60,w_210,c_limit,fl_progressive/assets/images/2025/NOVEMBER/30/yMUc81fA_808e4a0ac76746f2936a7fda9798dc13.jpg"
Paper Cut,Relaxed Fit Cotton Shirts,Rs. 699,Rs. 2999,https://www.myntra.com/shirts/paper+cut/paper-cut-men-comfort-printed-casual-shirt/39574889/buy,"https://assets.myntassets.com/dpr_2,q_60,w_210,c_limit,fl_progressive/assets/images/2026/JANUARY/23/tfYVSFoJ_84d52f24404f41d3a08066efb72074c2.jpg"
KINGDOM OF WHITE,Pure Cotton Casual Shirt,Rs. 1226,Rs. 1499,https://www.myntra.com/shirts/kingdom+of+white/kingdom-of-white-pure-cotton-stay-white-casual-shirt/23050914/buy,"https://assets.myntassets.com/dpr_2,q_60,w_210,c_limit,fl_progressive/assets/images/2025/NOVEMBER/21/IMO2dpIe_57bb33b8185b44e48e1c4abb7ab2d297.jpg"
classy fashion,Slim Fit Casual Shirt,Rs. 588,Rs. 1999,https://www.myntra.com/shirts/classy+fashion/classy-fashion-women-comfort-slim-fit-casual-shirt/39166461/buy,"https://assets.myntassets.com/dpr_2,q_60,w_210,c_limit,fl_progressive/assets/images/2026/JANUARY/4/VK31Uz85_09fd09c429154d21a3aa23c1f3d8fac3.jpg"
CRESALE,Casual Shirt,Rs. 351,Rs. 899,https://www.myntra.com/shirts/cresale/cresale-boys-comfort-casual-shirt/34220052/buy,"https://assets.myntassets.com/dpr_2,q_60,w_210,c_limit,fl_progressive/assets/images/2025/MAY/18/LDkgJAjQ_1ec3c48e7e2c4e10a95e1cb1deeb2879.jpg"
Raymond,Pure Cotton Formal Shirt,Rs. 1149,Rs. 2299,https://www.myntra.com/shirts/raymond/raymond-pure-cotton-self-design-textured-slim-fit-formal-shirt/25365214/buy,"https://assets.myntassets.com/dpr_2,q_60,w_210,c_limit,fl_progressive/assets/images/25365214/2023/11/6/1ab0d82a-4c3d-470c-aabd-2f391b895b401699271585676-Raymond-Men-Shirts-3991699271585303-1.jpg"
HERE&NOW,Boys Printed Cotton Shirt,Rs. 597,Rs. 1996,https://www.myntra.com/shirts/here%26now/herenow-boys-comfort-fit-floral-printed-spread-collar-cotton-casual-shirt/35646396/buy,"https://assets.myntassets.com/dpr_2,q_60,w_210,c_limit,fl_progressive/assets/images/2025/SEPTEMBER/24/UvJkd9gS_9ea9e77f9e62466181da2ffebc6319f5.jpg"
SKY PEARL,Opaque Casual Shirt,Rs. 394,Rs. 1599,https://www.myntra.com/shirts/sky+pearl/sky-pearl-boys-tartan-checks-opaque-checked-casual-shirt/32833106/buy,"https://assets.myntassets.com/dpr_2,q_60,w_210,c_limit,fl_progressive/assets/images/2025/FEBRUARY/18/PDHNCtZp_b690c80c824e44659f6995d3d7d09060.jpg"
WROGN,Striped Slim Fit Shirt,Rs. 1399,Rs. 2399,https://www.myntra.com/shirts/wrogn/wrogn-comfort-striped-spread-collar-slim-fit-shirt/34844260/buy,"https://assets.myntassets.com/dpr_2,q_60,w_210,c_limit,fl_progressive/assets/images/2025/JUNE/10/hFVge8dQ_65b3ad29832649d7b3ae7e164a45a3da.jpg"
United Colors of Benetton,Boys Pure Cotton Shirt,Rs. 1149,Rs. 2299,https://www.myntra.com/shirts/united+colors+of+benetton/united-colors-of-benetton-boys-colourblocked-pure-cotton-casual-shirt/35076307/buy,"https://assets.myntassets.com/dpr_2,q_60,w_210,c_limit,fl_progressive/assets/images/35076307/2025/7/31/03694928-469a-46fb-ae30-e8daf6b9e9421753962462044-United-Colors-of-Benetton-Boys-Colourblocked-Pure-Cotton-Cas-1.jpg"
Hopscotch,Kids-Boys Cotton Casual Shirts,Rs. 545,Rs. 599,https://www.myntra.com/shirts/hopscotch/hopscotch-kids-boys-cotton-comfort-casual-shirts/36416239/buy,"https://assets.myntassets.com/dpr_2,q_60,w_210,c_limit,fl_progressive/assets/images/2025/AUGUST/14/jYyk140e_e3067dcb53b44097a371b48647a57b0b.jpg"
Nautica,Pure Cotton Classic Fit Shirt,Rs. 1091,Rs. 2599,https://www.myntra.com/shirts/nautica/nautica-pure-cotton-self-design-classic-fit-textured-casual-shirt/30195853/buy,"https://assets.myntassets.com/dpr_2,q_60,w_210,c_limit,fl_progressive/assets/images/30195853/2024/12/5/5e3bf902-d2b4-4fa7-9b05-a5212caedabe1733392388532-Nautica-Men-Shirts-4201733392387915-1.jpg"
CHARCHIT,Boys Embroidered Shirt,Rs. 995,Rs. 1290,https://www.myntra.com/shirts/charchit/charchit-boys-embroidered-regular-fit-shirt/33569017/buy,"https://assets.myntassets.com/dpr_2,q_60,w_210,c_limit,fl_progressive/assets/images/2025/NOVEMBER/11/ghczbgrR_39793f23110a4d7b9093f33394723e33.jpg"
HERE&NOW,Boys Printed Cotton Shirt,Rs. 597,Rs. 1996,https://www.myntra.com/shirts/here%26now/herenow-boys-comfort-fit-floral-printed-spread-collar-cotton-casual-shirt/35646442/buy,"https://assets.myntassets.com/dpr_2,q_60,w_210,c_limit,fl_progressive/assets/images/2025/SEPTEMBER/19/EQO6UMDa_8d37f3169e3d4f47915722ff970bf9e6.jpg"
Banana Club,Men Solid Formal Shirt,Rs. 1299,Rs. 1999,https://www.myntra.com/shirts/banana+club/banana-club-men-classic-casual-shirt/36281613/buy,"https://assets.myntassets.com/dpr_2,q_60,w_210,c_limit,fl_progressive/assets/images/2025/AUGUST/7/Db6DTvhB_a629a3ce1fe4403ba71e3b3fd05d9e30.jpg"
Nautica,Casual Shirt,Rs. 519,Rs. 1999,https://www.myntra.com/shirts/nautica/nautica-boys-premium-casual-shirt/37973723/buy,"https://assets.myntassets.com/dpr_2,q_60,w_210,c_limit,fl_progressive/assets/images/2025/NOVEMBER/24/vU0qR88h_7f6fe0faa1f54488a4ccd7d5dc6c40b8.jpg"
RIGS AND RAGS,Casual Shirt,Rs. 759,Rs. 1899,https://www.myntra.com/shirts/rigs+and+rags/rigs-and-rags-men-classic-printed-casual-shirt/39495859/buy,"https://assets.myntassets.com/dpr_2,q_60,w_210,c_limit,fl_progressive/assets/images/2026/JANUARY/21/WBgWdwoM_dedf289378414f67b01b09bb00dbd29b.jpg"
Banana Club,Men Blended Linen Shirt,Rs. 1098,Rs. 1999,https://www.myntra.com/shirts/banana+club/banana-club-men-classic-slim-fit-semi-sheer-striped-casual-shirt/31423169/buy,"https://assets.myntassets.com/dpr_2,q_60,w_210,c_limit,fl_progressive/assets/images/31423169/2025/2/26/471b3a11-7971-4624-9c35-9ea81456ada81740546411332-Banana-Club-Men-Classic-Slim-Fit-Semi-Sheer-Striped-Casual-S-1.jpg"
Allen Solly Junior,Boys Striped Casual Shirt,Rs. 714,Rs. 1299,https://www.myntra.com/shirts/allen+solly+junior/allen-solly-junior-boys-vertical-striped-casual-shirt/37945923/buy,"https://assets.myntassets.com/dpr_2,q_60,w_210,c_limit,fl_progressive/assets/images/2025/DECEMBER/8/JFR2pBcy_db75932cc24340afbe7e335c66aca536.jpg"
United Colors of Benetton,Opaque Casual Shirt,Rs. 759,Rs. 1999,https://www.myntra.com/shirts/united+colors+of+benetton/united-colors-of-benetton-boys-gingham-checks-opaque-checked-casual-shirt/33450952/buy,"https://assets.myntassets.com/dpr_2,q_60,w_210,c_limit,fl_progressive/assets/images/2025/APRIL/3/DQm39fEf_4a0052cf48cc459f9ac39e97e173fa50.jpg"
Mast & Harbour,Slim Fit Linen Casual Shirt,Rs. 1154,Rs. 3499,https://www.myntra.com/shirts/mast+%26+harbour/mast--harbour-slim-fit-pure-linen-casual-shirt/37972029/buy,"https://assets.myntassets.com/dpr_2,q_60,w_210,c_limit,fl_progressive/assets/images/2025/NOVEMBER/21/NLQcDfwv_5612d7a168e84b2692e38f37f739c377.jpg"
Googo Gaaga,Casual Shirt,Rs. 387,Rs. 2499,https://www.myntra.com/shirts/googo+gaaga/googo-gaaga-boys-casual-shirt/38204243/buy,"https://assets.myntassets.com/dpr_2,q_60,w_210,c_limit,fl_progressive/assets/images/2025/NOVEMBER/24/9gAyyp5w_3fbd0d2dce984a5e8029f83db50e4c5f.jpg"
HERE&NOW,Boys Printed Cotton Shirt,Rs. 597,Rs. 1996,https://www.myntra.com/shirts/here%26now/herenow-boys-comfort-fit-floral-printed-spread-collar-cotton-casual-shirt/35646394/buy,"https://assets.myntassets.com/dpr_2,q_60,w_210,c_limit,fl_progressive/assets/images/2025/SEPTEMBER/24/I0r4dQti_1ac54e01be0e491fa608e4938bcc7acd.jpg"
Powerlook,Casual Shirt,Rs. 1011,Rs. 2299,https://www.myntra.com/shirts/powerlook/powerlook-men-tartan-checks-checked-casual-shirt/39137273/buy,"https://assets.myntassets.com/dpr_2,q_60,w_210,c_limit,fl_progressive/assets/images/2026/JANUARY/3/3mxjzECp_ff1b772e68e74e1886b9a8ba35b4ea17.jpg"
Allen Solly Junior,Opaque Casual Shirt,Rs. 615,Rs. 1399,https://www.myntra.com/shirts/allen+solly+junior/allen-solly-junior-boys-opaque-printed-casual-shirt/32882505/buy,"https://assets.myntassets.com/dpr_2,q_60,w_210,c_limit,fl_progressive/assets/images/2025/FEBRUARY/22/cLz5GF3w_99de5341faad409ab9acae8889856e08.jpg"
United Colors of Benetton,Casual Shirt,Rs. 683,Rs. 1799,https://www.myntra.com/shirts/united+colors+of+benetton/united-colors-of-benetton-boys-casual-shirt/33750692/buy,"https://assets.myntassets.com/dpr_2,q_60,w_210,c_limit,fl_progressive/assets/images/2025/APRIL/23/zq3VE0en_cae7919381d841f6a34be280daf4f7d3.jpg"
Powerlook,Casual Shirt,Rs. 1295,Rs. 2699,https://www.myntra.com/shirts/powerlook/powerlook-men-casual-shirt/37480874/buy,"https://assets.myntassets.com/dpr_2,q_60,w_210,c_limit,fl_progressive/assets/images/2025/OCTOBER/14/HmrAyktf_a37c0deaefc24d6b8e1e130320ecf160.jpg"
Blue Ronin,Spread Collar Formal Shirt,Rs. 499,Rs. 1199,https://www.myntra.com/shirts/blue+ronin/blue-ronin-women-spread-collar-standard-formal-shirt/33551305/buy,"https://assets.myntassets.com/dpr_2,q_60,w_210,c_limit,fl_progressive/assets/images/2025/APRIL/10/l557MURH_20691de742ac4fe2a6198c8fad0d128d.jpg"
NEXT,Boys Checked Cotton Shirt,Rs. 1079,Rs. 1799,https://www.myntra.com/shirts/next/next-boys-monochrome-checked-pure-cotton-shirt/36845802/buy,"https://assets.myntassets.com/dpr_2,q_60,w_210,c_limit,fl_progressive/assets/images/2025/OCTOBER/15/UUqJ6Uv6_a5df2343d56c4c32a2fdb7b9c6e246a1.jpg"
Nautica,Pure Cotton Slim Casual Shirt,Rs. 767,Rs. 2399,https://www.myntra.com/shirts/nautica/nautica-textured-pure-cotton-slim-fit-casual-shirt/37858770/buy,"https://assets.myntassets.com/dpr_2,q_60,w_210,c_limit,fl_progressive/assets/images/2025/NOVEMBER/24/Te9S9ysK_0bfe32aeb644447d95e8d75b602c31e8.jpg"
Rocket Science,Slim Fit Casual Shirt,Rs. 498,Rs. 1299,https://www.myntra.com/shirts/rocket+science/rocket-science-boys-classic-slim-fit-casual-shirt/34664549/buy,"https://assets.myntassets.com/dpr_2,q_60,w_210,c_limit,fl_progressive/assets/images/2025/MAY/31/QS3ELd3k_52c96f4eeab9429d8d54855021dac646.jpg"
Paper Cut,Relaxed Fit Cotton Shirts,Rs. 699,Rs. 2999,https://www.myntra.com/shirts/paper+cut/paper-cut-men-comfort-printed-casual-shirt/39574915/buy,"https://assets.myntassets.com/dpr_2,q_60,w_210,c_limit,fl_progressive/assets/images/2026/JANUARY/23/JY6L6Lmc_39384db0cbb8492f97aaa50ff4569e44.jpg"
HIGHLANDER,Casual Shirt,Rs. 528,Rs. 2299,https://www.myntra.com/shirts/highlander/highlander-men-casual-shirt/38240158/buy,"https://assets.myntassets.com/dpr_2,q_60,w_210,c_limit,fl_progressive/assets/images/2025/NOVEMBER/26/GLlYXsQe_ac566bf3a7674116b24cfa47ba93f2f9.jpg"
United Colors of Benetton,Boys Striped Pure Cotton Shirt,Rs. 979,Rs. 1999,https://www.myntra.com/shirts/united+colors+of+benetton/united-colors-of-benetton-kids-boys-striped-pure-cotton-shirt/32634631/buy,"https://assets.myntassets.com/dpr_2,q_60,w_210,c_limit,fl_progressive/assets/images/32634631/2025/4/29/f142b5b4-9fda-4dc8-a778-122bdf485d9c1745918366643-United-Colors-of-Benetton-Kids-Boys-Striped-Pure-Cotton-Shir-1.jpg"
MASU LIVING,Opaque Casual Shirt,Rs. 597,Rs. 1996,https://www.myntra.com/shirts/masu+living/masu-living-boys-comfort-floral-opaque-printed-cotton-casual-shirt/28922872/buy,"https://assets.myntassets.com/dpr_2,q_60,w_210,c_limit,fl_progressive/assets/images/2025/SEPTEMBER/5/2MSP5IP2_3d8418e51a4c4f52b4f24bb498c4a24a.jpg"
